Workbook

Sheet Data
A1: Fecha | B1: TBP | C1: TPM | D1: Tipo de Cambio
A2: 40179 | B2: {=+SUMIFS(OFFSET(TBP!$A:$A,,MATCH(YEAR(A2),VALUE(TBP!$5:$5),0)-1),TBP!$AV:$AV,DAY(A2),TBP!$AW:$AW,MONTH(A2))/100} -> 0.0825 | C2: {=+SUMIFS(OFFSET(TPM!$A:$A,,MATCH(YEAR(A2),VALUE(TPM!$5:$5),0)-1),TPM!$W:$W,DAY(A2),TPM!$X:$X,MONTH(A2))/100} -> 0.09 | D2: =+INDEX(TC!$C:$C,MATCH(A2,TC!$E:$E,0)) -> 571.81
A3: =+A2+1 -> 40180 | B3: {=+SUMIFS(OFFSET(TBP!$A:$A,,MATCH(YEAR(A3),VALUE(TBP!$5:$5),0)-1),TBP!$AV:$AV,DAY(A3),TBP!$AW:$AW,MONTH(A3))/100} -> 0.0825 | C3: {=+SUMIFS(OFFSET(TPM!$A:$A,,MATCH(YEAR(A3),VALUE(TPM!$5:$5),0)-1),TPM!$W:$W,DAY(A3),TPM!$X:$X,MONTH(A3))/100} -> 0.09 | D3: =+INDEX(TC!$C:$C,MATCH(A3,TC!$E:$E,0)) -> 571.81
A4: =+A3+1 -> 40181 | B4: {=+SUMIFS(OFFSET(TBP!$A:$A,,MATCH(YEAR(A4),VALUE(TBP!$5:$5),0)-1),TBP!$AV:$AV,DAY(A4),TBP!$AW:$AW,MONTH(A4))/100} -> 0.0825 | C4: {=+SUMIFS(OFFSET(TPM!$A:$A,,MATCH(YEAR(A4),VALUE(TPM!$5:$5),0)-1),TPM!$W:$W,DAY(A4),TPM!$X:$X,MONTH(A4))/100} -> 0.09 | D4: =+INDEX(TC!$C:$C,MATCH(A4,TC!$E:$E,0)) -> 571.81
A5: =+A4+1 -> 40182 | B5: {=+SUMIFS(OFFSET(TBP!$A:$A,,MATCH(YEAR(A5),VALUE(TBP!$5:$5),0)-1),TBP!$AV:$AV,DAY(A5),TBP!$AW:$AW,MONTH(A5))/100} -> 0.0825 | C5: {=+SUMIFS(OFFSET(TPM!$A:$A,,MATCH(YEAR(A5),VALUE(TPM!$5:$5),0)-1),TPM!$W:$W,DAY(A5),TPM!$X:$X,MONTH(A5))/100} -> 0.09 | D5: =+INDEX(TC!$C:$C,MATCH(A5,TC!$E:$E,0)) -> 571.81
A6: =+A5+1 -> 40183 | B6: {=+SUMIFS(OFFSET(TBP!$A:$A,,MATCH(YEAR(A6),VALUE(TBP!$5:$5),0)-1),TBP!$AV:$AV,DAY(A6),TBP!$AW:$AW,MONTH(A6))/100} -> 0.0825 | C6: {=+SUMIFS(OFFSET(TPM!$A:$A,,MATCH(YEAR(A6),VALUE(TPM!$5:$5),0)-1),TPM!$W:$W,DAY(A6),TPM!$X:$X,MONTH(A6))/100} -> 0.09 | D6: =+INDEX(TC!$C:$C,MATCH(A6,TC!$E:$E,0)) -> 568.02
A7: =+A6+1 -> 40184 | B7: {=+SUMIFS(OFFSET(TBP!$A:$A,,MATCH(YEAR(A7),VALUE(TBP!$5:$5),0)-1),TBP!$AV:$AV,DAY(A7),TBP!$AW:$AW,MONTH(A7))/100} -> 0.0825 | C7: {=+SUMIFS(OFFSET(TPM!$A:$A,,MATCH(YEAR(A7),VALUE(TPM!$5:$5),0)-1),TPM!$W:$W,DAY(A7),TPM!$X:$X,MONTH(A7))/100} -> 0.09 | D7: =+INDEX(TC!$C:$C,MATCH(A7,TC!$E:$E,0)) -> 569.69
A8: =+A7+1 -> 40185 | B8: {=+SUMIFS(OFFSET(TBP!$A:$A,,MATCH(YEAR(A8),VALUE(TBP!$5:$5),0)-1),TBP!$AV:$AV,DAY(A8),TBP!$AW:$AW,MONTH(A8))/100} -> 0.08 | C8: {=+SUMIFS(OFFSET(TPM!$A:$A,,MATCH(YEAR(A8),VALUE(TPM!$5:$5),0)-1),TPM!$W:$W,DAY(A8),TPM!$X:$X,MONTH(A8))/100} -> 0.09 | D8: =+INDEX(TC!$C:$C,MATCH(A8,TC!$E:$E,0)) -> 574.52
A9: =+A8+1 -> 40186 | B9: {=+SUMIFS(OFFSET(TBP!$A:$A,,MATCH(YEAR(A9),VALUE(TBP!$5:$5),0)-1),TBP!$AV:$AV,DAY(A9),TBP!$AW:$AW,MONTH(A9))/100} -> 0.08 | C9: {=+SUMIFS(OFFSET(TPM!$A:$A,,MATCH(YEAR(A9),VALUE(TPM!$5:$5),0)-1),TPM!$W:$W,DAY(A9),TPM!$X:$X,MONTH(A9))/100} -> 0.09 | D9: =+INDEX(TC!$C:$C,MATCH(A9,TC!$E:$E,0)) -> 580.56
A10: =+A9+1 -> 40187 | B10: {=+SUMIFS(OFFSET(TBP!$A:$A,,MATCH(YEAR(A10),VALUE(TBP!$5:$5),0)-1),TBP!$AV:$AV,DAY(A10),TBP!$AW:$AW,MONTH(A10))/100} -> 0.08 | C10: {=+SUMIFS(OFFSET(TPM!$A:$A,,MATCH(YEAR(A10),VALUE(TPM!$5:$5),0)-1),TPM!$W:$W,DAY(A10),TPM!$X:$X,MONTH(A10))/100} -> 0.09 | D10: =+INDEX(TC!$C:$C,MATCH(A10,TC!$E:$E,0)) -> 582.21
A11: =+A10+1 -> 40188 | B11: {=+SUMIFS(OFFSET(TBP!$A:$A,,MATCH(YEAR(A11),VALUE(TBP!$5:$5),0)-1),TBP!$AV:$AV,DAY(A11),TBP!$AW:$AW,MONTH(A11))/100} -> 0.08 | C11: {=+SUMIFS(OFFSET(TPM!$A:$A,,MATCH(YEAR(A11),VALUE(TPM!$5:$5),0)-1),TPM!$W:$W,DAY(A11),TPM!$X:$X,MONTH(A11))/100} -> 0.09 | D11: =+INDEX(TC!$C:$C,MATCH(A11,TC!$E:$E,0)) -> 582.21
A12: =+A11+1 -> 40189 | B12: {=+SUMIFS(OFFSET(TBP!$A:$A,,MATCH(YEAR(A12),VALUE(TBP!$5:$5),0)-1),TBP!$AV:$AV,DAY(A12),TBP!$AW:$AW,MONTH(A12))/100} -> 0.08 | C12: {=+SUMIFS(OFFSET(TPM!$A:$A,,MATCH(YEAR(A12),VALUE(TPM!$5:$5),0)-1),TPM!$W:$W,DAY(A12),TPM!$X:$X,MONTH(A12))/100} -> 0.09 | D12: =+INDEX(TC!$C:$C,MATCH(A12,TC!$E:$E,0)) -> 582.21
A13: =+A12+1 -> 40190 | B13: {=+SUMIFS(OFFSET(TBP!$A:$A,,MATCH(YEAR(A13),VALUE(TBP!$5:$5),0)-1),TBP!$AV:$AV,DAY(A13),TBP!$AW:$AW,MONTH(A13))/100} -> 0.08 | C13: {=+SUMIFS(OFFSET(TPM!$A:$A,,MATCH(YEAR(A13),VALUE(TPM!$5:$5),0)-1),TPM!$W:$W,DAY(A13),TPM!$X:$X,MONTH(A13))/100} -> 0.09 | D13: =+INDEX(TC!$C:$C,MATCH(A13,TC!$E:$E,0)) -> 577.9
A14: =+A13+1 -> 40191 | B14: {=+SUMIFS(OFFSET(TBP!$A:$A,,MATCH(YEAR(A14),VALUE(TBP!$5:$5),0)-1),TBP!$AV:$AV,DAY(A14),TBP!$AW:$AW,MONTH(A14))/100} -> 0.08 | C14: {=+SUMIFS(OFFSET(TPM!$A:$A,,MATCH(YEAR(A14),VALUE(TPM!$5:$5),0)-1),TPM!$W:$W,DAY(A14),TPM!$X:$X,MONTH(A14))/100} -> 0.09 | D14: =+INDEX(TC!$C:$C,MATCH(A14,TC!$E:$E,0)) -> 574.78
... A5509: =+A5508+1 -> 45686 | B5509: {=+SUMIFS(OFFSET(TBP!$A:$A,,MATCH(YEAR(A5509),VALUE(TBP!$5:$5),0)-1),TBP!$AV:$AV,DAY(A5509),TBP!$AW:$AW,MONTH(A5509))/100} -> 0.0413 | C5509: {=+SUMIFS(OFFSET(TPM!$A:$A,,MATCH(YEAR(A5509),VALUE(TPM!$5:$5),0)-1),TPM!$W:$W,DAY(A5509),TPM!$X:$X,MONTH(A5509))/100} -> 0.04 | D5509: =+INDEX(TC!$C:$C,MATCH(A5509,TC!$E:$E,0)) -> 509.26

Sheet TBP
A1: Tasa Básica Pasiva (TBP)
A2: Diaria
A3: En porcentajes
B5: 1981 | C5: 1982 | D5: 1983 | E5: 1984 | F5: 1985 | G5: 1986 | H5: 1987 | I5: 1988 | J5: 1989 | K5: 1990 | L5: 1991 | M5: 1992 | N5: 1993 | O5: 1994 | P5: 1995 | Q5: 1996 | R5: 1997 | S5: 1998 | T5: 1999 | U5: 2000 | V5: 2001 | W5: 2002 | X5: 2003 | Y5: 2004 | Z5: 2005 | AA5: 2006 | AB5: 2007 | AC5: 2008 | AD5: 2009 | AE5: 2010 | AF5: 2011 | AG5: 2012 | AH5: 2013 | AI5: 2014 | AJ5: 2015 | AK5: 2016 | AL5: 2017 | AM5: 2018 | AN5: 2019 | AO5: 2020 | AP5: 2021 | AQ5: 2022 | AR5: 2023 | AS5: 2024 | AT5: 2025 | AV5: Día | AW5: Mes
A6: 1 Ene | C6: 21.5 | D6: 25 | E6: 22 | F6: 20 | G6: 20 | H6: 20 | I6: 23.5 | J6: 23.5 | K6: 23.5 | L6: 34 | M6: 29.5 | N6: 19.5 | O6: 25 | P6: 27.75 | Q6: 28.5 | R6: 24.6 | S6: 18.5 | T6: 24.5 | U6: 18.25 | V6: 15.5 | W6: 16 | X6: 17.5 | Y6: 13.75 | Z6: 14.25 | AA6: 15.25 | AB6: 11.25 | AC6: 7 | AD6: 11.5 | AE6: 8.25 | AF6: 8 | AG6: 8 | AH6: 9.2 | AI6: 6.5 | AJ6: 7.2 | AK6: 5.95 | AL6: 4.45 | AM6: 5.95 | AN6: 6 | AO6: 5.75 | AP6: 3.5 | AQ6: 2.9 | AR6: 6.35 | AS6: 5.36 | AT6: 4.13 | AV6: =LEFT(A6,FIND(" ",A6)) -> 1 | AW6: =MATCH(MID(A6,LEN(AV6)+1,3),Sheet4!$A$1:$A$12,0) -> 1
A7: 2 Ene | C7: 21.5 | D7: 25 | E7: 22 | F7: 20 | G7: 20 | H7: 20 | I7: 23.5 | J7: 23.5 | K7: 23.5 | L7: 34 | M7: 29.5 | N7: 19.5 | O7: 25 | P7: 27.75 | Q7: 28.5 | R7: 24.6 | S7: 18.5 | T7: 24.5 | U7: 18.25 | V7: 15.5 | W7: 16 | X7: 17.5 | Y7: 13.75 | Z7: 14.25 | AA7: 15.25 | AB7: 11.25 | AC7: 7 | AD7: 11.5 | AE7: 8.25 | AF7: 8 | AG7: 8 | AH7: 9.2 | AI7: 6.5 | AJ7: 7.2 | AK7: 5.95 | AL7: 4.45 | AM7: 5.95 | AN7: 6 | AO7: 5.75 | AP7: 3.5 | AQ7: 2.9 | AR7: 6.35 | AS7: 5.36 | AT7: 4.15 | AV7: =LEFT(A7,FIND(" ",A7)) -> 2 | AW7: =MATCH(MID(A7,LEN(AV7)+1,3),Sheet4!$A$1:$A$12,0) -> 1
A8: 3 Ene | C8: 21.5 | D8: 25 | E8: 22 | F8: 20 | G8: 20 | H8: 20 | I8: 23.5 | J8: 23.5 | K8: 23.5 | L8: 34 | M8: 29.5 | N8: 19.5 | O8: 25 | P8: 27.75 | Q8: 28.5 | R8: 24.6 | S8: 18.5 | T8: 24.5 | U8: 18.25 | V8: 15.5 | W8: 16 | X8: 17.5 | Y8: 13.75 | Z8: 14.25 | AA8: 15.25 | AB8: 11.25 | AC8: 7 | AD8: 11.5 | AE8: 8.25 | AF8: 8 | AG8: 8 | AH8: 9.1 | AI8: 6.5 | AJ8: 7.2 | AK8: 5.95 | AL8: 4.45 | AM8: 5.95 | AN8: 6 | AO8: 5.75 | AP8: 3.5 | AQ8: 2.9 | AR8: 6.35 | AS8: 5.36 | AT8: 4.15 | AV8: =LEFT(A8,FIND(" ",A8)) -> 3 | AW8: =MATCH(MID(A8,LEN(AV8)+1,3),Sheet4!$A$1:$A$12,0) -> 1
A9: 4 Ene | C9: 21.5 | D9: 25 | E9: 22 | F9: 20 | G9: 20 | H9: 20 | I9: 23.5 | J9: 23.5 | K9: 23.5 | L9: 34 | M9: 29.5 | N9: 19.5 | O9: 25 | P9: 27.75 | Q9: 28.5 | R9: 24.6 | S9: 18.5 | T9: 24.5 | U9: 18.25 | V9: 15.5 | W9: 16 | X9: 17.5 | Y9: 13.75 | Z9: 14.25 | AA9: 15.25 | AB9: 11 | AC9: 7 | AD9: 11.5 | AE9: 8.25 | AF9: 8 | AG9: 8 | AH9: 9.1 | AI9: 6.5 | AJ9: 7.2 | AK9: 5.95 | AL9: 4.45 | AM9: 5.9 | AN9: 6 | AO9: 5.75 | AP9: 3.5 | AQ9: 2.9 | AR9: 6.35 | AS9: 5.34 | AT9: 4.15 | AV9: =LEFT(A9,FIND(" ",A9)) -> 4 | AW9: =MATCH(MID(A9,LEN(AV9)+1,3),Sheet4!$A$1:$A$12,0) -> 1
A10: 5 Ene | C10: 21.5 | D10: 25 | E10: 22 | F10: 20 | G10: 20 | H10: 20 | I10: 23.5 | J10: 23.5 | K10: 23.5 | L10: 34 | M10: 29.5 | N10: 19.5 | O10: 25 | P10: 27.75 | Q10: 28.5 | R10: 24.6 | S10: 18.5 | T10: 24.5 | U10: 18.25 | V10: 15.5 | W10: 16 | X10: 17.5 | Y10: 13.75 | Z10: 14.25 | AA10: 15.25 | AB10: 11 | AC10: 7 | AD10: 11.5 | AE10: 8.25 | AF10: 8 | AG10: 8 | AH10: 9.1 | AI10: 6.5 | AJ10: 7.2 | AK10: 5.95 | AL10: 4.35 | AM10: 5.9 | AN10: 6 | AO10: 5.75 | AP10: 3.5 | AQ10: 2.9 | AR10: 6.35 | AS10: 5.34 | AT10: 4.15 | AV10: =LEFT(A10,FIND(" ",A10)) -> 5 | AW10: =MATCH(MID(A10,LEN(AV10)+1,3),Sheet4!$A$1:$A$12,0) -> 1
A11: 6 Ene | C11: 21.5 | D11: 25 | E11: 22 | F11: 20 | G11: 20 | H11: 20 | I11: 23.5 | J11: 23.5 | K11: 23.5 | L11: 34 | M11: 29.5 | N11: 19.5 | O11: 25 | P11: 27.75 | Q11: 28.5 | R11: 24.6 | S11: 18.5 | T11: 24.5 | U11: 18 | V11: 15.5 | W11: 16 | X11: 17.5 | Y11: 13.75 | Z11: 14.25 | AA11: 15.25 | AB11: 11 | AC11: 7 | AD11: 11.5 | AE11: 8.25 | AF11: 7.25 | AG11: 8 | AH11: 9.1 | AI11: 6.5 | AJ11: 7.2 | AK11: 5.95 | AL11: 4.35 | AM11: 5.9 | AN11: 6 | AO11: 5.75 | AP11: 3.5 | AQ11: 2.9 | AR11: 6.35 | AS11: 5.34 | AT11: 4.15 | AV11: =LEFT(A11,FIND(" ",A11)) -> 6 | AW11: =MATCH(MID(A11,LEN(AV11)+1,3),Sheet4!$A$1:$A$12,0) -> 1
A12: 7 Ene | C12: 21.5 | D12: 25 | E12: 22 | F12: 20 | G12: 20 | H12: 20 | I12: 23.5 | J12: 23.5 | K12: 23.5 | L12: 34 | M12: 29.5 | N12: 19.5 | O12: 24.75 | P12: 27.75 | Q12: 28.5 | R12: 24.6 | S12: 18.5 | T12: 24.5 | U12: 18 | V12: 15.5 | W12: 16 | X12: 17.5 | Y12: 13.75 | Z12: 14.25 | AA12: 15.25 | AB12: 11 | AC12: 7 | AD12: 11.5 | AE12: 8 | AF12: 7.25 | AG12: 8 | AH12: 9.1 | AI12: 6.5 | AJ12: 7.2 | AK12: 5.95 | AL12: 4.35 | AM12: 5.9 | AN12: 6 | AO12: 5.75 | AP12: 3.4 | AQ12: 2.9 | AR12: 6.35 | AS12: 5.34 | AT12: 4.15 | AV12: =LEFT(A12,FIND(" ",A12)) -> 7 | AW12: =MATCH(MID(A12,LEN(AV12)+1,3),Sheet4!$A$1:$A$12,0) -> 1
A13: 8 Ene | C13: 21.5 | D13: 25 | E13: 22 | F13: 20 | G13: 20 | H13: 20 | I13: 23.5 | J13: 23.5 | K13: 23.5 | L13: 34 | M13: 29.5 | N13: 19.5 | O13: 24.75 | P13: 27.75 | Q13: 28.5 | R13: 24.6 | S13: 18.5 | T13: 24.5 | U13: 18 | V13: 15.5 | W13: 16 | X13: 17.5 | Y13: 13.75 | Z13: 14.25 | AA13: 15.25 | AB13: 11 | AC13: 7 | AD13: 11.75 | AE13: 8 | AF13: 7.25 | AG13: 8 | AH13: 9.1 | AI13: 6.5 | AJ13: 7.25 | AK13: 5.95 | AL13: 4.35 | AM13: 5.9 | AN13: 6 | AO13: 5.75 | AP13: 3.4 | AQ13: 2.9 | AR13: 6.35 | AS13: 5.34 | AT13: 4.15 | AV13: =LEFT(A13,FIND(" ",A13)) -> 8 | AW13: =MATCH(MID(A13,LEN(AV13)+1,3),Sheet4!$A$1:$A$12,0) -> 1
A14: 9 Ene | C14: 21.5 | D14: 25 | E14: 22 | F14: 20 | G14: 20 | H14: 20 | I14: 23.5 | J14: 23.5 | K14: 23.5 | L14: 34 | M14: 29.5 | N14: 19.5 | O14: 24.75 | P14: 27.75 | Q14: 28.5 | R14: 24.7 | S14: 18.5 | T14: 24.5 | U14: 18 | V14: 15.5 | W14: 16 | X14: 17.5 | Y14: 13.75 | Z14: 14.25 | AA14: 15.25 | AB14: 11 | AC14: 7 | AD14: 11.75 | AE14: 8 | AF14: 7.25 | AG14: 8 | AH14: 9.1 | AI14: 6.55 | AJ14: 7.25 | AK14: 5.95 | AL14: 4.35 | AM14: 5.9 | AN14: 6 | AO14: 5.7 | AP14: 3.4 | AQ14: 2.9 | AR14: 6.35 | AS14: 5.34 | AT14: 4.14 | AV14: =LEFT(A14,FIND(" ",A14)) -> 9 | AW14: =MATCH(MID(A14,LEN(AV14)+1,3),Sheet4!$A$1:$A$12,0) -> 1
A15: 10 Ene | C15: 21.5 | D15: 25 | E15: 22 | F15: 20 | G15: 20 | H15: 20 | I15: 23.5 | J15: 23.5 | K15: 23.5 | L15: 34 | M15: 29.5 | N15: 19.5 | O15: 24.75 | P15: 27.75 | Q15: 28.5 | R15: 24.7 | S15: 18.5 | T15: 24.5 | U15: 18 | V15: 15.5 | W15: 16.25 | X15: 17.5 | Y15: 13.75 | Z15: 14.25 | AA15: 15.25 | AB15: 11 | AC15: 7.25 | AD15: 11.75 | AE15: 8 | AF15: 7.25 | AG15: 8 | AH15: 9.05 | AI15: 6.55 | AJ15: 7.25 | AK15: 5.95 | AL15: 4.35 | AM15: 5.9 | AN15: 6.05 | AO15: 5.7 | AP15: 3.4 | AQ15: 2.9 | AR15: 6.35 | AS15: 5.34 | AT15: 4.14 | AV15: =LEFT(A15,FIND(" ",A15)) -> 10 | AW15: =MATCH(MID(A15,LEN(AV15)+1,3),Sheet4!$A$1:$A$12,0) -> 1
A16: 11 Ene | C16: 21.5 | D16: 25 | E16: 22 | F16: 20 | G16: 20 | H16: 20 | I16: 23.5 | J16: 23.5 | K16: 23.5 | L16: 34 | M16: 29.5 | N16: 19.5 | O16: 24.75 | P16: 27.75 | Q16: 28.5 | R16: 24.7 | S16: 18.5 | T16: 24.5 | U16: 18 | V16: 15.5 | W16: 16.25 | X16: 17.5 | Y16: 13.75 | Z16: 14.25 | AA16: 15.25 | AB16: 11 | AC16: 7.25 | AD16: 11.75 | AE16: 8 | AF16: 7.25 | AG16: 8 | AH16: 9.05 | AI16: 6.55 | AJ16: 7.25 | AK16: 5.95 | AL16: 4.35 | AM16: 6 | AN16: 6.05 | AO16: 5.7 | AP16: 3.4 | AQ16: 2.9 | AR16: 6.35 | AS16: 5.33 | AT16: 4.14 | AV16: =LEFT(A16,FIND(" ",A16)) -> 11 | AW16: =MATCH(MID(A16,LEN(AV16)+1,3),Sheet4!$A$1:$A$12,0) -> 1
A17: 12 Ene | C17: 21.5 | D17: 25 | E17: 22 | F17: 20 | G17: 20 | H17: 20 | I17: 23.5 | J17: 23.5 | K17: 23.5 | L17: 34 | M17: 29.5 | N17: 19.5 | O17: 24.75 | P17: 27.75 | Q17: 28.5 | R17: 24.7 | S17: 18.5 | T17: 24.5 | U17: 18 | V17: 15.5 | W17: 16.25 | X17: 17.5 | Y17: 13.75 | Z17: 14.25 | AA17: 15.25 | AB17: 11 | AC17: 7.25 | AD17: 11.75 | AE17: 8 | AF17: 7.25 | AG17: 8.5 | AH17: 9.05 | AI17: 6.55 | AJ17: 7.25 | AK17: 5.95 | AL17: 4.55 | AM17: 6 | AN17: 6.05 | AO17: 5.7 | AP17: 3.4 | AQ17: 2.9 | AR17: 6.41 | AS17: 5.33 | AT17: 4.14 | AV17: =LEFT(A17,FIND(" ",A17)) -> 12 | AW17: =MATCH(MID(A17,LEN(AV17)+1,3),Sheet4!$A$1:$A$12,0) -> 1
... A41: 5 Feb | C41: 21.5 | D41: 25 | E41: 18 | F41: 20 | G41: 20 | H41: 19.5 | I41: 23.5 | J41: 23.5 | K41: 23.5 | L41: 35 | M41: 27.5 | N41: 19 | O41: 23.75 | P41: 27.75 | Q41: 27.25 | R41: 24.6 | S41: 18.25 | T41: 24.5 | U41: 17.5 | V41: 15.5 | W41: 16.25 | X41: 17.5 | Y41: 13.5 | Z41: 14.75 | AA41: 15.25 | AB41: 10.75 | AC41: 7.25 | AD41: 11.25 | AE41: 8 | AF41: 7.5 | AG41: 8.75 | AH41: 8.3 | AI41: 6.55 | AJ41: 7.25 | AK41: 5.95 | AL41: 4.6 | AM41: 6.05 | AN41: 6.25 | AO41: 5.75 | AP41: 3.5 | AQ41: 3 | AR41: 6.58 | AS41: 5.21 | AT41: 4.09 | AV41: =LEFT(A41,FIND(" ",A41)) -> 5 | AW41: =MATCH(MID(A41,LEN(AV41)+1,3),Sheet4!$A$1:$A$12,0) -> 2
A42: 6 Feb | C42: 21.5 | D42: 25 | E42: 18 | F42: 20 | G42: 20 | H42: 19.5 | I42: 23.5 | J42: 23.5 | K42: 23.5 | L42: 35 | M42: 27.5 | N42: 19 | O42: 23.75 | P42: 27.75 | Q42: 27.25 | R42: 24.5 | S42: 18.25 | T42: 24.5 | U42: 17.5 | V42: 15.5 | W42: 16.25 | X42: 17.25 | Y42: 13.5 | Z42: 14.75 | AA42: 15.25 | AB42: 10.75 | AC42: 7.25 | AD42: 11.25 | AE42: 8 | AF42: 7.5 | AG42: 8.75 | AH42: 8.3 | AI42: 6.55 | AJ42: 7.25 | AK42: 5.95 | AL42: 4.6 | AM42: 6.05 | AN42: 6.25 | AO42: 5.75 | AP42: 3.5 | AQ42: 3 | AR42: 6.58 | AS42: 5.21 | AV42: =LEFT(A42,FIND(" ",A42)) -> 6 | AW42: =MATCH(MID(A42,LEN(AV42)+1,3),Sheet4!$A$1:$A$12,0) -> 2
A43: 7 Feb | C43: 21.5 | D43: 25 | E43: 18 | F43: 20 | G43: 20 | H43: 19.5 | I43: 23.5 | J43: 23.5 | K43: 23.5 | L43: 35 | M43: 27.5 | N43: 19 | O43: 23.75 | P43: 27.75 | Q43: 27.25 | R43: 24.5 | S43: 18.25 | T43: 24.5 | U43: 17.5 | V43: 15.5 | W43: 16.25 | X43: 17.25 | Y43: 13.5 | Z43: 14.75 | AA43: 15.25 | AB43: 10.75 | AC43: 6.5 | AD43: 11.25 | AE43: 8 | AF43: 7.5 | AG43: 8.75 | AH43: 8.05 | AI43: 6.55 | AJ43: 7.25 | AK43: 5.95 | AL43: 4.6 | AM43: 6.05 | AN43: 6.15 | AO43: 5.75 | AP43: 3.5 | AQ43: 3 | AR43: 6.58 | AS43: 5.21 | AV43: =LEFT(A43,FIND(" ",A43)) -> 7 | AW43: =MATCH(MID(A43,LEN(AV43)+1,3),Sheet4!$A$1:$A$12,0) -> 2
A44: 8 Feb | C44: 21.5 | D44: 25 | E44: 18 | F44: 20 | G44: 20 | H44: 19.5 | I44: 23.5 | J44: 23.5 | K44: 23.5 | L44: 35 | M44: 27.5 | N44: 19 | O44: 23.75 | P44: 27.75 | Q44: 27.25 | R44: 24.5 | S44: 18.25 | T44: 24.5 | U44: 17.5 | V44: 15.5 | W44: 16.25 | X44: 17.25 | Y44: 13.5 | Z44: 14.75 | AA44: 15.25 | AB44: 10.25 | AC44: 6.5 | AD44: 11.25 | AE44: 8 | AF44: 7.5 | AG44: 8.75 | AH44: 8.05 | AI44: 6.55 | AJ44: 7.25 | AK44: 5.95 | AL44: 4.6 | AM44: 6 | AN44: 6.15 | AO44: 5.75 | AP44: 3.5 | AQ44: 3 | AR44: 6.58 | AS44: 5.17 | AV44: =LEFT(A44,FIND(" ",A44)) -> 8 | AW44: =MATCH(MID(A44,LEN(AV44)+1,3),Sheet4!$A$1:$A$12,0) -> 2
A45: 9 Feb | C45: 21.5 | D45: 25 | E45: 18 | F45: 20 | G45: 20 | H45: 19.5 | I45: 23.5 | J45: 23.5 | K45: 23.5 | L45: 35 | M45: 27.5 | N45: 19 | O45: 23.75 | P45: 27.75 | Q45: 27.25 | R45: 24.5 | S45: 18.25 | T45: 24.5 | U45: 17.5 | V45: 15.5 | W45: 16.25 | X45: 17.25 | Y45: 13.5 | Z45: 14.75 | AA45: 15.25 | AB45: 10.25 | AC45: 6.5 | AD45: 11.25 | AE45: 8 | AF45: 7.5 | AG45: 9 | AH45: 8.05 | AI45: 6.55 | AJ45: 7.25 | AK45: 5.95 | AL45: 4.5 | AM45: 6 | AN45: 6.15 | AO45: 5.75 | AP45: 3.5 | AQ45: 3 | AR45: 6.59 | AS45: 5.17 | AV45: =LEFT(A45,FIND(" ",A45)) -> 9 | AW45: =MATCH(MID(A45,LEN(AV45)+1,3),Sheet4!$A$1:$A$12,0) -> 2
A46: 10 Feb | C46: 21.5 | D46: 25 | E46: 18 | F46: 20 | G46: 20 | H46: 19.5 | I46: 23.5 | J46: 23.5 | K46: 23.5 | L46: 35 | M46: 27.5 | N46: 19 | O46: 23.25 | P46: 27.75 | Q46: 27.25 | R46: 24.5 | S46: 18.25 | T46: 24.5 | U46: 17.5 | V46: 15.5 | W46: 16.25 | X46: 17.25 | Y46: 13.5 | Z46: 14.75 | AA46: 15.25 | AB46: 10.25 | AC46: 6.5 | AD46: 11.25 | AE46: 8 | AF46: 7.5 | AG46: 9 | AH46: 8.05 | AI46: 6.55 | AJ46: 7.25 | AK46: 5.95 | AL46: 4.5 | AM46: 6 | AN46: 6.15 | AO46: 5.75 | AP46: 3.5 | AQ46: 3.05 | AR46: 6.59 | AS46: 5.17 | AV46: =LEFT(A46,FIND(" ",A46)) -> 10 | AW46: =MATCH(MID(A46,LEN(AV46)+1,3),Sheet4!$A$1:$A$12,0) -> 2
A47: 11 Feb | C47: 21.5 | D47: 25 | E47: 18 | F47: 20 | G47: 20 | H47: 19.5 | I47: 23.5 | J47: 23.5 | K47: 23.5 | L47: 35 | M47: 27.5 | N47: 19 | O47: 23.25 | P47: 27.75 | Q47: 27.25 | R47: 24.5 | S47: 18.25 | T47: 24.5 | U47: 17.5 | V47: 15.5 | W47: 16.25 | X47: 17.25 | Y47: 13.5 | Z47: 14.75 | AA47: 15.25 | AB47: 10.25 | AC47: 6.5 | AD47: 11.25 | AE47: 8 | AF47: 7.5 | AG47: 9 | AH47: 8.05 | AI47: 6.55 | AJ47: 7.25 | AK47: 5.9 | AL47: 4.5 | AM47: 6 | AN47: 6.15 | AO47: 5.75 | AP47: 3.5 | AQ47: 3.05 | AR47: 6.59 | AS47: 5.17 | AV47: =LEFT(A47,FIND(" ",A47)) -> 11 | AW47: =MATCH(MID(A47,LEN(AV47)+1,3),Sheet4!$A$1:$A$12,0) -> 2
A48: 12 Feb | C48: 21.5 | D48: 25 | E48: 18 | F48: 20 | G48: 20 | H48: 19.5 | I48: 23.5 | J48: 23.5 | K48: 23.5 | L48: 35 | M48: 27.5 | N48: 19 | O48: 23.25 | P48: 27.75 | Q48: 27.25 | R48: 24.5 | S48: 18.25 | T48: 24.5 | U48: 17.5 | V48: 15.5 | W48: 16.25 | X48: 17.25 | Y48: 13.5 | Z48: 14.75 | AA48: 15.25 | AB48: 10.25 | AC48: 6.5 | AD48: 12 | AE48: 8 | AF48: 7.5 | AG48: 9 | AH48: 8.05 | AI48: 6.55 | AJ48: 7.15 | AK48: 5.9 | AL48: 4.5 | AM48: 6 | AN48: 6.15 | AO48: 5.75 | AP48: 3.5 | AQ48: 3.05 | AR48: 6.59 | AS48: 5.17 | AV48: =LEFT(A48,FIND(" ",A48)) -> 12 | AW48: =MATCH(MID(A48,LEN(AV48)+1,3),Sheet4!$A$1:$A$12,0) -> 2
A49: 13 Feb | C49: 21.5 | D49: 25 | E49: 18 | F49: 20 | G49: 20 | H49: 19.5 | I49: 23.5 | J49: 23.5 | K49: 23.5 | L49: 35 | M49: 27.5 | N49: 19 | O49: 23.25 | P49: 27.75 | Q49: 27.25 | R49: 24.25 | S49: 18.25 | T49: 24.5 | U49: 17.5 | V49: 15.5 | W49: 16.25 | X49: 17.25 | Y49: 13.5 | Z49: 14.75 | AA49: 15.25 | AB49: 10.25 | AC49: 6.5 | AD49: 12 | AE49: 8 | AF49: 7.5 | AG49: 9 | AH49: 8.05 | AI49: 6.5 | AJ49: 7.15 | AK49: 5.9 | AL49: 4.5 | AM49: 6 | AN49: 6.15 | AO49: 5.65 | AP49: 3.5 | AQ49: 3.05 | AR49: 6.59 | AS49: 5.17 | AV49: =LEFT(A49,FIND(" ",A49)) -> 13 | AW49: =MATCH(MID(A49,LEN(AV49)+1,3),Sheet4!$A$1:$A$12,0) -> 2
A50: 14 Feb | C50: 21.5 | D50: 25 | E50: 18 | F50: 20 | G50: 20 | H50: 19.5 | I50: 23.5 | J50: 23.5 | K50: 23.5 | L50: 35 | M50: 27.5 | N50: 19 | O50: 23.25 | P50: 27.75 | Q50: 27.25 | R50: 24.25 | S50: 18.25 | T50: 24.5 | U50: 17.5 | V50: 15.5 | W50: 16.25 | X50: 17.25 | Y50: 13.5 | Z50: 14.75 | AA50: 15.25 | AB50: 10.25 | AC50: 5.75 | AD50: 12 | AE50: 8 | AF50: 7.5 | AG50: 9 | AH50: 7.8 | AI50: 6.5 | AJ50: 7.15 | AK50: 5.9 | AL50: 4.5 | AM50: 6 | AN50: 6.2 | AO50: 5.65 | AP50: 3.5 | AQ50: 3.05 | AR50: 6.59 | AS50: 5.17 | AV50: =LEFT(A50,FIND(" ",A50)) -> 14 | AW50: =MATCH(MID(A50,LEN(AV50)+1,3),Sheet4!$A$1:$A$12,0) -> 2
A51: 15 Feb | C51: 21.5 | D51: 25 | E51: 18 | F51: 20 | G51: 20 | H51: 19.5 | I51: 23.5 | J51: 23.5 | K51: 23.5 | L51: 35 | M51: 27.5 | N51: 19 | O51: 23.25 | P51: 27.75 | Q51: 27.25 | R51: 24.25 | S51: 18.25 | T51: 24.5 | U51: 17.5 | V51: 15.25 | W51: 16.25 | X51: 17.25 | Y51: 13.5 | Z51: 14.75 | AA51: 15.25 | AB51: 9.75 | AC51: 5.75 | AD51: 12 | AE51: 8 | AF51: 7.5 | AG51: 9 | AH51: 7.8 | AI51: 6.5 | AJ51: 7.15 | AK51: 5.9 | AL51: 4.5 | AM51: 6.05 | AN51: 6.2 | AO51: 5.65 | AP51: 3.5 | AQ51: 3.05 | AR51: 6.59 | AS51: 5.12 | AV51: =LEFT(A51,FIND(" ",A51)) -> 15 | AW51: =MATCH(MID(A51,LEN(AV51)+1,3),Sheet4!$A$1:$A$12,0) -> 2
A52: 16 Feb | C52: 21.5 | D52: 25 | E52: 18 | F52: 20 | G52: 20 | H52: 19.5 | I52: 23.5 | J52: 23.5 | K52: 23.5 | L52: 35 | M52: 27.5 | N52: 19 | O52: 23.25 | P52: 28.25 | Q52: 27.25 | R52: 24.25 | S52: 18.25 | T52: 24.5 | U52: 17.5 | V52: 15.25 | W52: 16.25 | X52: 17.25 | Y52: 13.5 | Z52: 14.75 | AA52: 15.25 | AB52: 9.75 | AC52: 5.75 | AD52: 12 | AE52: 8 | AF52: 7.5 | AG52: 8.75 | AH52: 7.8 | AI52: 6.5 | AJ52: 7.15 | AK52: 5.9 | AL52: 4.55 | AM52: 6.05 | AN52: 6.2 | AO52: 5.65 | AP52: 3.5 | AQ52: 3.05 | AR52: 6.61 | AS52: 5.12 | AV52: =LEFT(A52,FIND(" ",A52)) -> 16 | AW52: =MATCH(MID(A52,LEN(AV52)+1,3),Sheet4!$A$1:$A$12,0) -> 2
A53: 17 Feb | C53: 21.5 | D53: 25 | E53: 18 | F53: 20 | G53: 20 | H53: 19.5 | I53: 23.5 | J53: 23.5 | K53: 23.5 | L53: 35 | M53: 27.5 | N53: 19 | O53: 23.25 | P53: 28.25 | Q53: 27.25 | R53: 24.25 | S53: 18.25 | T53: 24.5 | U53: 17.5 | V53: 15.25 | W53: 16.25 | X53: 17.25 | Y53: 13.5 | Z53: 14.75 | AA53: 15.25 | AB53: 9.75 | AC53: 5.75 | AD53: 12 | AE53: 8 | AF53: 7.5 | AG53: 8.75 | AH53: 7.8 | AI53: 6.5 | AJ53: 7.15 | AK53: 5.9 | AL53: 4.55 | AM53: 6.05 | AN53: 6.2 | AO53: 5.65 | AP53: 3.5 | AQ53: 3.05 | AR53: 6.61 | AS53: 5.12 | AV53: =LEFT(A53,FIND(" ",A53)) -> 17 | AW53: =MATCH(MID(A53,LEN(AV53)+1,3),Sheet4!$A$1:$A$12,0) -> 2
... A64: 28 Feb | C64: 21.5 | D64: 25 | E64: 18 | F64: 20 | G64: 20 | H64: 19.5 | I64: 23.5 | J64: 23.5 | K64: 23.5 | L64: 35 | M64: 27.5 | N64: 19 | O64: 23.25 | P64: 29.25 | Q64: 27.25 | R64: 24 | S64: 18.25 | T64: 24.5 | U64: 17.5 | V64: 15.25 | W64: 16.75 | X64: 17.25 | Y64: 13.5 | Z64: 14.75 | AA64: 15.25 | AB64: 9.75 | AC64: 5.5 | AD64: 12 | AE64: 8 | AF64: 7.5 | AG64: 9 | AH64: 7.35 | AI64: 6.5 | AJ64: 7.15 | AK64: 5.7 | AL64: 4.6 | AM64: 6 | AN64: 6.25 | AO64: 4.8 | AP64: 3.45 | AQ64: 3.05 | AR64: 6.69 | AS64: 5.07 | AV64: =LEFT(A64,FIND(" ",A64)) -> 28 | AW64: =MATCH(MID(A64,LEN(AV64)+1,3),Sheet4!$A$1:$A$12,0) -> 2
A65: 29 Feb | E65: 18 | I65: 23.5 | M65: 27.5 | Q65: 26.5 | U65: 17.5 | Y65: 13.5 | AC65: 5.5 | AG65: 9 | AK65: 5.7 | AO65: 4.8 | AS65: 5.04 | AV65: =LEFT(A65,FIND(" ",A65)) -> 29 | AW65: =MATCH(MID(A65,LEN(AV65)+1,3),Sheet4!$A$1:$A$12,0) -> 2
A66: 1 Mar | C66: 21.5 | D66: 25 | E66: 18 | F66: 20 | G66: 20 | H66: 19.5 | I66: 23.5 | J66: 23 | K66: 23.5 | L66: 35 | M66: 26 | N66: 19 | O66: 23.25 | P66: 29.25 | Q66: 26.5 | R66: 24 | S66: 18.25 | T66: 24.5 | U66: 17.5 | V66: 15 | W66: 16.75 | X66: 17.25 | Y66: 13.5 | Z66: 14.75 | AA66: 15.25 | AB66: 9.25 | AC66: 5.5 | AD66: 12 | AE66: 8 | AF66: 7.5 | AG66: 9.25 | AH66: 7.35 | AI66: 6.5 | AJ66: 7.15 | AK66: 5.7 | AL66: 4.6 | AM66: 6.1 | AN66: 6.25 | AO66: 4.8 | AP66: 3.45 | AQ66: 3.05 | AR66: 6.69 | AS66: 5.04 | AV66: =LEFT(A66,FIND(" ",A66)) -> 1 | AW66: =MATCH(MID(A66,LEN(AV66)+1,3),Sheet4!$A$1:$A$12,0) -> 3
A67: 2 Mar | C67: 21.5 | D67: 25 | E67: 18 | F67: 20 | G67: 20 | H67: 19.5 | I67: 23.5 | J67: 23 | K67: 23.5 | L67: 35 | M67: 26 | N67: 19 | O67: 23.25 | P67: 30 | Q67: 26.5 | R67: 24 | S67: 18.25 | T67: 24.5 | U67: 17.25 | V67: 15 | W67: 16.75 | X67: 17.25 | Y67: 13.5 | Z67: 14.75 | AA67: 15.25 | AB67: 9.25 | AC67: 5.5 | AD67: 12 | AE67: 8 | AF67: 7.5 | AG67: 9.25 | AH67: 7.35 | AI67: 6.5 | AJ67: 7.15 | AK67: 5.7 | AL67: 4.6 | AM67: 6.1 | AN67: 6.25 | AO67: 4.8 | AP67: 3.45 | AQ67: 3.05 | AR67: 6.72 | AS67: 5.04 | AV67: =LEFT(A67,FIND(" ",A67)) -> 2 | AW67: =MATCH(MID(A67,LEN(AV67)+1,3),Sheet4!$A$1:$A$12,0) -> 3
A68: 3 Mar | C68: 21.5 | D68: 25 | E68: 18 | F68: 20 | G68: 20 | H68: 19.5 | I68: 23.5 | J68: 23 | K68: 23.5 | L68: 35 | M68: 26 | N68: 19 | O68: 23.25 | P68: 30 | Q68: 26.5 | R68: 24 | S68: 18.25 | T68: 24.5 | U68: 17.25 | V68: 15 | W68: 16.75 | X68: 17.25 | Y68: 13.5 | Z68: 14.75 | AA68: 15.25 | AB68: 9.25 | AC68: 5.5 | AD68: 12 | AE68: 8 | AF68: 7.25 | AG68: 9.25 | AH68: 7.35 | AI68: 6.5 | AJ68: 7.15 | AK68: 5.6 | AL68: 4.6 | AM68: 6.1 | AN68: 6.25 | AO68: 4.8 | AP68: 3.45 | AQ68: 3 | AR68: 6.72 | AS68: 5.04 | AV68: =LEFT(A68,FIND(" ",A68)) -> 3 | AW68: =MATCH(MID(A68,LEN(AV68)+1,3),Sheet4!$A$1:$A$12,0) -> 3
A69: 4 Mar | C69: 21.5 | D69: 25 | E69: 18 | F69: 20 | G69: 20 | H69: 19.5 | I69: 23.5 | J69: 23 | K69: 23.5 | L69: 33 | M69: 26 | N69: 19 | O69: 23.25 | P69: 30 | Q69: 26.5 | R69: 24 | S69: 18.25 | T69: 24.5 | U69: 17.25 | V69: 15 | W69: 16.75 | X69: 17.25 | Y69: 13.5 | Z69: 14.75 | AA69: 15.25 | AB69: 9.25 | AC69: 5.5 | AD69: 12 | AE69: 8.25 | AF69: 7.25 | AG69: 9.25 | AH69: 7.35 | AI69: 6.5 | AJ69: 7.15 | AK69: 5.6 | AL69: 4.6 | AM69: 6.1 | AN69: 6.25 | AO69: 4.8 | AP69: 3.45 | AQ69: 3 | AR69: 6.72 | AS69: 5.04 | AV69: =LEFT(A69,FIND(" ",A69)) -> 4 | AW69: =MATCH(MID(A69,LEN(AV69)+1,3),Sheet4!$A$1:$A$12,0) -> 3
A70: 5 Mar | C70: 21.5 | D70: 25 | E70: 18 | F70: 20 | G70: 20 | H70: 19.5 | I70: 23.5 | J70: 23 | K70: 23.5 | L70: 33 | M70: 26 | N70: 19 | O70: 23.25 | P70: 30 | Q70: 26.5 | R70: 24 | S70: 18.25 | T70: 24.5 | U70: 17.25 | V70: 15 | W70: 16.75 | X70: 17.25 | Y70: 13.5 | Z70: 14.75 | AA70: 15.25 | AB70: 9.25 | AC70: 5.5 | AD70: 12 | AE70: 8.25 | AF70: 7.25 | AG70: 9.25 | AH70: 7.35 | AI70: 6.5 | AJ70: 7.15 | AK70: 5.6 | AL70: 4.6 | AM70: 6.1 | AN70: 6.25 | AO70: 4.5 | AP70: 3.45 | AQ70: 3 | AR70: 6.72 | AS70: 5.04 | AV70: =LEFT(A70,FIND(" ",A70)) -> 5 | AW70: =MATCH(MID(A70,LEN(AV70)+1,3),Sheet4!$A$1:$A$12,0) -> 3
A71: 6 Mar | C71: 21.5 | D71: 25 | E71: 18 | F71: 20 | G71: 20 | H71: 19.5 | I71: 23.5 | J71: 23 | K71: 23.5 | L71: 33 | M71: 26 | N71: 19 | O71: 23.25 | P71: 30 | Q71: 26.5 | R71: 23.5 | S71: 18.25 | T71: 24.5 | U71: 17.25 | V71: 15 | W71: 16.75 | X71: 17.25 | Y71: 13.5 | Z71: 14.75 | AA71: 15.25 | AB71: 9.25 | AC71: 5.5 | AD71: 12 | AE71: 8.25 | AF71: 7.25 | AG71: 9.25 | AH71: 7.35 | AI71: 6.45 | AJ71: 7.15 | AK71: 5.6 | AL71: 4.6 | AM71: 6.1 | AN71: 6.25 | AO71: 4.5 | AP71: 3.45 | AQ71: 3 | AR71: 6.72 | AS71: 5.04 | AV71: =LEFT(A71,FIND(" ",A71)) -> 6 | AW71: =MATCH(MID(A71,LEN(AV71)+1,3),Sheet4!$A$1:$A$12,0) -> 3
A72: 7 Mar | C72: 21.5 | D72: 25 | E72: 18 | F72: 20 | G72: 20 | H72: 19.5 | I72: 23.5 | J72: 23 | K72: 23.5 | L72: 33 | M72: 26 | N72: 19 | O72: 23.25 | P72: 30 | Q72: 25.6 | R72: 23.5 | S72: 18.25 | T72: 24.5 | U72: 17.25 | V72: 15 | W72: 16.75 | X72: 17.25 | Y72: 13.5 | Z72: 14.75 | AA72: 15.25 | AB72: 9.25 | AC72: 5.5 | AD72: 12 | AE72: 8.25 | AF72: 7.25 | AG72: 9.25 | AH72: 7.25 | AI72: 6.45 | AJ72: 7.15 | AK72: 5.6 | AL72: 4.6 | AM72: 6.1 | AN72: 6.15 | AO72: 4.5 | AP72: 3.45 | AQ72: 3 | AR72: 6.72 | AS72: 5.01 | AV72: =LEFT(A72,FIND(" ",A72)) -> 7 | AW72: =MATCH(MID(A72,LEN(AV72)+1,3),Sheet4!$A$1:$A$12,0) -> 3
A73: 8 Mar | C73: 21.5 | D73: 25 | E73: 18 | F73: 20 | G73: 20 | H73: 19.5 | I73: 23.5 | J73: 23 | K73: 23.5 | L73: 33 | M73: 26 | N73: 19 | O73: 23.25 | P73: 30 | Q73: 25.6 | R73: 23.5 | S73: 18.25 | T73: 24.5 | U73: 17.25 | V73: 15 | W73: 16.75 | X73: 17.25 | Y73: 13.5 | Z73: 14.75 | AA73: 15.25 | AB73: 8.75 | AC73: 5.5 | AD73: 12 | AE73: 8.25 | AF73: 7.25 | AG73: 9.25 | AH73: 7.25 | AI73: 6.45 | AJ73: 7.15 | AK73: 5.6 | AL73: 4.6 | AM73: 5.95 | AN73: 6.15 | AO73: 4.5 | AP73: 3.45 | AQ73: 3 | AR73: 6.72 | AS73: 5.01 | AV73: =LEFT(A73,FIND(" ",A73)) -> 8 | AW73: =MATCH(MID(A73,LEN(AV73)+1,3),Sheet4!$A$1:$A$12,0) -> 3
A74: 9 Mar | C74: 21.5 | D74: 25 | E74: 18 | F74: 20 | G74: 20 | H74: 19.5 | I74: 23.5 | J74: 23 | K74: 23.5 | L74: 33 | M74: 26 | N74: 19 | O74: 23.25 | P74: 30 | Q74: 25.6 | R74: 23.5 | S74: 18.25 | T74: 24.5 | U74: 17.25 | V74: 15 | W74: 16.75 | X74: 17.25 | Y74: 13.5 | Z74: 14.75 | AA74: 15.25 | AB74: 8.75 | AC74: 5.5 | AD74: 12 | AE74: 8.25 | AF74: 7.25 | AG74: 9.25 | AH74: 7.25 | AI74: 6.45 | AJ74: 7.15 | AK74: 5.6 | AL74: 4.55 | AM74: 5.95 | AN74: 6.15 | AO74: 4.5 | AP74: 3.45 | AQ74: 3 | AR74: 6.71 | AS74: 5.01 | AV74: =LEFT(A74,FIND(" ",A74)) -> 9 | AW74: =MATCH(MID(A74,LEN(AV74)+1,3),Sheet4!$A$1:$A$12,0) -> 3
A75: 10 Mar | C75: 21.5 | D75: 25 | E75: 18 | F75: 20 | G75: 20 | H75: 19.5 | I75: 23.5 | J75: 23 | K75: 23.5 | L75: 33 | M75: 26 | N75: 19 | O75: 23.25 | P75: 30 | Q75: 25.6 | R75: 23.5 | S75: 18.25 | T75: 24.5 | U75: 17.25 | V75: 15 | W75: 16.75 | X75: 17.25 | Y75: 13.5 | Z75: 15 | AA75: 15.25 | AB75: 8.75 | AC75: 5.5 | AD75: 12 | AE75: 8.25 | AF75: 7.5 | AG75: 9.25 | AH75: 7.25 | AI75: 6.45 | AJ75: 7.15 | AK75: 5.65 | AL75: 4.55 | AM75: 5.95 | AN75: 6.15 | AO75: 4.5 | AP75: 3.45 | AQ75: 2.95 | AR75: 6.71 | AS75: 5.01 | AV75: =LEFT(A75,FIND(" ",A75)) -> 10 | AW75: =MATCH(MID(A75,LEN(AV75)+1,3),Sheet4!$A$1:$A$12,0) -> 3
A76: 11 Mar | C76: 21.5 | D76: 25 | E76: 18 | F76: 20 | G76: 20 | H76: 19.5 | I76: 23.5 | J76: 23 | K76: 23.5 | L76: 33 | M76: 26 | N76: 19 | O76: 23.25 | P76: 30 | Q76: 25.6 | R76: 23.5 | S76: 18.25 | T76: 24.5 | U76: 17.25 | V76: 15 | W76: 16.75 | X76: 17.25 | Y76: 13.5 | Z76: 15 | AA76: 15.25 | AB76: 8.75 | AC76: 5.5 | AD76: 12 | AE76: 8.25 | AF76: 7.5 | AG76: 9.25 | AH76: 7.25 | AI76: 6.45 | AJ76: 7.15 | AK76: 5.65 | AL76: 4.55 | AM76: 5.95 | AN76: 6.15 | AO76: 4.5 | AP76: 3.4 | AQ76: 2.95 | AR76: 6.71 | AS76: 5.01 | AV76: =LEFT(A76,FIND(" ",A76)) -> 11 | AW76: =MATCH(MID(A76,LEN(AV76)+1,3),Sheet4!$A$1:$A$12,0) -> 3
A77: 12 Mar | C77: 21.5 | D77: 25 | E77: 18 | F77: 20 | G77: 20 | H77: 19.5 | I77: 23.5 | J77: 23 | K77: 23.5 | L77: 33 | M77: 26 | N77: 19 | O77: 23.25 | P77: 30 | Q77: 25.6 | R77: 23.5 | S77: 18.25 | T77: 24.5 | U77: 17.25 | V77: 15 | W77: 16.75 | X77: 17.25 | Y77: 13.5 | Z77: 15 | AA77: 15.25 | AB77: 8.75 | AC77: 5.5 | AD77: 12 | AE77: 8.25 | AF77: 7.5 | AG77: 9.25 | AH77: 7.25 | AI77: 6.45 | AJ77: 7.15 | AK77: 5.65 | AL77: 4.55 | AM77: 5.95 | AN77: 6.15 | AO77: 4.5 | AP77: 3.4 | AQ77: 2.95 | AR77: 6.71 | AS77: 5.01 | AV77: =LEFT(A77,FIND(" ",A77)) -> 12 | AW77: =MATCH(MID(A77,LEN(AV77)+1,3),Sheet4!$A$1:$A$12,0) -> 3
... A90: 25 Mar | C90: 21.5 | D90: 25 | E90: 18 | F90: 20 | G90: 20 | H90: 19.5 | I90: 23.5 | J90: 23 | K90: 23.5 | L90: 33 | M90: 21.5 | N90: 19 | O90: 23.25 | P90: 31.75 | Q90: 24.6 | R90: 21.75 | S90: 18.25 | T90: 24.5 | U90: 17.25 | V90: 15 | W90: 16.75 | X90: 17 | Y90: 13.5 | Z90: 15 | AA90: 15.25 | AB90: 8 | AC90: 5.25 | AD90: 12.25 | AE90: 8 | AF90: 7.5 | AG90: 9.25 | AH90: 7.05 | AI90: 6.45 | AJ90: 7.1 | AK90: 5.65 | AL90: 4.45 | AM90: 6 | AN90: 6.15 | AO90: 4.35 | AP90: 3.4 | AQ90: 2.95 | AR90: 6.69 | AS90: 4.95 | AV90: =LEFT(A90,FIND(" ",A90)) -> 25 | AW90: =MATCH(MID(A90,LEN(AV90)+1,3),Sheet4!$A$1:$A$12,0) -> 3
A91: 26 Mar | B91: 20.5 | C91: 21.5 | D91: 25 | E91: 18 | F91: 20 | G91: 20 | H91: 19.5 | I91: 23.5 | J91: 23 | K91: 23.5 | L91: 33 | M91: 21.5 | N91: 19 | O91: 23.25 | P91: 31.75 | Q91: 24.6 | R91: 21.75 | S91: 18.25 | T91: 24.5 | U91: 17.25 | V91: 15 | W91: 16.75 | X91: 17 | Y91: 13.5 | Z91: 15 | AA91: 15.25 | AB91: 8 | AC91: 5.25 | AD91: 11.75 | AE91: 8 | AF91: 7.5 | AG91: 9.25 | AH91: 7.05 | AI91: 6.45 | AJ91: 7.1 | AK91: 5.65 | AL91: 4.45 | AM91: 6 | AN91: 6.15 | AO91: 4.15 | AP91: 3.4 | AQ91: 2.95 | AR91: 6.69 | AS91: 4.95 | AV91: =LEFT(A91,FIND(" ",A91)) -> 26 | AW91: =MATCH(MID(A91,LEN(AV91)+1,3),Sheet4!$A$1:$A$12,0) -> 3
A92: 27 Mar | B92: 20.5 | C92: 21.5 | D92: 25 | E92: 18 | F92: 20 | G92: 20 | H92: 19.5 | I92: 23.5 | J92: 23 | K92: 23.5 | L92: 33 | M92: 21.5 | N92: 19 | O92: 23.25 | P92: 31.75 | Q92: 24.6 | R92: 21.75 | S92: 18.25 | T92: 24.5 | U92: 17.25 | V92: 15 | W92: 16.75 | X92: 16.75 | Y92: 13.5 | Z92: 15 | AA92: 15.25 | AB92: 8 | AC92: 5.25 | AD92: 11.75 | AE92: 8 | AF92: 7.5 | AG92: 9.25 | AH92: 7.05 | AI92: 6.6 | AJ92: 7.1 | AK92: 5.65 | AL92: 4.45 | AM92: 6 | AN92: 6.15 | AO92: 4.15 | AP92: 3.4 | AQ92: 2.95 | AR92: 6.69 | AS92: 4.95 | AV92: =LEFT(A92,FIND(" ",A92)) -> 27 | AW92: =MATCH(MID(A92,LEN(AV92)+1,3),Sheet4!$A$1:$A$12,0) -> 3
A93: 28 Mar | B93: 20.5 | C93: 21.5 | D93: 25 | E93: 18 | F93: 20 | G93: 20 | H93: 19.5 | I93: 23.5 | J93: 23 | K93: 23.5 | L93: 33 | M93: 21.5 | N93: 19 | O93: 23.25 | P93: 31.75 | Q93: 24.3 | R93: 21.75 | S93: 18.25 | T93: 24.5 | U93: 17.25 | V93: 15 | W93: 16.75 | X93: 16.75 | Y93: 13.5 | Z93: 15 | AA93: 15.25 | AB93: 8 | AC93: 5.25 | AD93: 11.75 | AE93: 8 | AF93: 7.5 | AG93: 9.25 | AH93: 6.95 | AI93: 6.6 | AJ93: 7.1 | AK93: 5.65 | AL93: 4.45 | AM93: 6 | AN93: 6.2 | AO93: 4.15 | AP93: 3.4 | AQ93: 2.95 | AR93: 6.69 | AS93: 4.94 | AV93: =LEFT(A93,FIND(" ",A93)) -> 28 | AW93: =MATCH(MID(A93,LEN(AV93)+1,3),Sheet4!$A$1:$A$12,0) -> 3
A94: 29 Mar | B94: 20.5 | C94: 21.5 | D94: 25 | E94: 18 | F94: 20 | G94: 20 | H94: 19.5 | I94: 23.5 | J94: 23 | K94: 23.5 | L94: 33 | M94: 21.5 | N94: 19 | O94: 23.25 | P94: 31.75 | Q94: 24.3 | R94: 21.75 | S94: 18.25 | T94: 24.5 | U94: 17.25 | V94: 15 | W94: 16.75 | X94: 16.75 | Y94: 13.5 | Z94: 15 | AA94: 15.25 | AB94: 8 | AC94: 5.25 | AD94: 11.75 | AE94: 8 | AF94: 7.5 | AG94: 9.25 | AH94: 6.95 | AI94: 6.6 | AJ94: 7.1 | AK94: 5.65 | AL94: 4.45 | AM94: 6 | AN94: 6.2 | AO94: 4.15 | AP94: 3.4 | AQ94: 2.95 | AR94: 6.69 | AS94: 4.94 | AV94: =LEFT(A94,FIND(" ",A94)) -> 29 | AW94: =MATCH(MID(A94,LEN(AV94)+1,3),Sheet4!$A$1:$A$12,0) -> 3
A95: 30 Mar | B95: 20.5 | C95: 21.5 | D95: 25 | E95: 18 | F95: 20 | G95: 20 | H95: 19.5 | I95: 23.5 | J95: 23 | K95: 23.5 | L95: 33 | M95: 21.5 | N95: 19 | O95: 23.25 | P95: 33 | Q95: 24.3 | R95: 21.75 | S95: 18.25 | T95: 24.5 | U95: 17.25 | V95: 15 | W95: 16.75 | X95: 16.75 | Y95: 13.5 | Z95: 15 | AA95: 15.25 | AB95: 8 | AC95: 5.25 | AD95: 11.75 | AE95: 8 | AF95: 7.5 | AG95: 9.25 | AH95: 6.95 | AI95: 6.6 | AJ95: 7.1 | AK95: 5.65 | AL95: 4.5 | AM95: 6 | AN95: 6.2 | AO95: 4.15 | AP95: 3.4 | AQ95: 2.95 | AR95: 6.63 | AS95: 4.94 | AV95: =LEFT(A95,FIND(" ",A95)) -> 30 | AW95: =MATCH(MID(A95,LEN(AV95)+1,3),Sheet4!$A$1:$A$12,0) -> 3
A96: 31 Mar | B96: 20.5 | C96: 21.5 | D96: 25 | E96: 18 | F96: 20 | G96: 20 | H96: 19.5 | I96: 23.5 | J96: 23 | K96: 23.5 | L96: 33 | M96: 21.5 | N96: 19 | O96: 23.25 | P96: 33 | Q96: 24.3 | R96: 21.5 | S96: 18.25 | T96: 24.5 | U96: 17.25 | V96: 15 | W96: 16.75 | X96: 16.75 | Y96: 13.5 | Z96: 15 | AA96: 15.25 | AB96: 8 | AC96: 5.25 | AD96: 11.75 | AE96: 8 | AF96: 7.5 | AG96: 9.25 | AH96: 6.95 | AI96: 6.6 | AJ96: 7.1 | AK96: 5.7 | AL96: 4.5 | AM96: 6 | AN96: 6.2 | AO96: 4.15 | AP96: 3.4 | AQ96: 2.95 | AR96: 6.63 | AS96: 4.94 | AV96: =LEFT(A96,FIND(" ",A96)) -> 31 | AW96: =MATCH(MID(A96,LEN(AV96)+1,3),Sheet4!$A$1:$A$12,0) -> 3
A97: 1 Abr | B97: 20.5 | C97: 21.5 | D97: 25 | E97: 18 | F97: 20 | G97: 20 | H97: 20 | I97: 23.5 | J97: 23 | K97: 24.5 | L97: 33 | M97: 20.5 | N97: 17 | O97: 23.25 | P97: 33 | Q97: 24.3 | R97: 21.5 | S97: 18.25 | T97: 24.5 | U97: 17.25 | V97: 15 | W97: 17 | X97: 16.75 | Y97: 13.5 | Z97: 15 | AA97: 15.25 | AB97: 8 | AC97: 5.25 | AD97: 11.75 | AE97: 8.5 | AF97: 7.5 | AG97: 9.25 | AH97: 6.95 | AI97: 6.6 | AJ97: 7.1 | AK97: 5.7 | AL97: 4.5 | AM97: 6 | AN97: 6.2 | AO97: 4.15 | AP97: 3.35 | AQ97: 2.95 | AR97: 6.63 | AS97: 4.94 | AV97: =LEFT(A97,FIND(" ",A97)) -> 1 | AW97: =MATCH(MID(A97,LEN(AV97)+1,3),Sheet4!$A$1:$A$12,0) -> 4
A98: 2 Abr | B98: 20.5 | C98: 21.5 | D98: 25 | E98: 18 | F98: 20 | G98: 20 | H98: 20 | I98: 23.5 | J98: 23 | K98: 24.5 | L98: 33 | M98: 20.5 | N98: 17 | O98: 23.25 | P98: 33 | Q98: 24.3 | R98: 21.5 | S98: 18.25 | T98: 24.5 | U98: 17.25 | V98: 15 | W98: 17 | X98: 16.75 | Y98: 13.5 | Z98: 15 | AA98: 15.25 | AB98: 8 | AC98: 5.25 | AD98: 12 | AE98: 8.5 | AF98: 7.5 | AG98: 9.25 | AH98: 6.95 | AI98: 6.6 | AJ98: 7.1 | AK98: 5.7 | AL98: 4.5 | AM98: 6 | AN98: 6.2 | AO98: 3.8 | AP98: 3.35 | AQ98: 2.95 | AR98: 6.63 | AS98: 4.94 | AV98: =LEFT(A98,FIND(" ",A98)) -> 2 | AW98: =MATCH(MID(A98,LEN(AV98)+1,3),Sheet4!$A$1:$A$12,0) -> 4
A99: 3 Abr | B99: 20.5 | C99: 21.5 | D99: 25 | E99: 18 | F99: 20 | G99: 20 | H99: 20 | I99: 23.5 | J99: 23 | K99: 24.5 | L99: 33 | M99: 20.5 | N99: 17 | O99: 23.25 | P99: 33 | Q99: 24.3 | R99: 21.25 | S99: 18.25 | T99: 24.5 | U99: 17.25 | V99: 15 | W99: 17 | X99: 16.75 | Y99: 13.5 | Z99: 15 | AA99: 15.25 | AB99: 8 | AC99: 5.25 | AD99: 12 | AE99: 8.5 | AF99: 7.5 | AG99: 9.25 | AH99: 6.95 | AI99: 6.65 | AJ99: 7.1 | AK99: 5.7 | AL99: 4.5 | AM99: 6 | AN99: 6.2 | AO99: 3.8 | AP99: 3.35 | AQ99: 2.95 | AR99: 6.63 | AS99: 4.94 | AV99: =LEFT(A99,FIND(" ",A99)) -> 3 | AW99: =MATCH(MID(A99,LEN(AV99)+1,3),Sheet4!$A$1:$A$12,0) -> 4
A100: 4 Abr | B100: 20.5 | C100: 21.5 | D100: 25 | E100: 18 | F100: 20 | G100: 20 | H100: 20 | I100: 23.5 | J100: 23 | K100: 24.5 | L100: 33 | M100: 20.5 | N100: 17 | O100: 23 | P100: 33 | Q100: 24.3 | R100: 21.25 | S100: 18.25 | T100: 24.5 | U100: 17.25 | V100: 15 | W100: 17 | X100: 16.75 | Y100: 13.5 | Z100: 15 | AA100: 15.25 | AB100: 8 | AC100: 5.25 | AD100: 12 | AE100: 8.5 | AF100: 7.5 | AG100: 9.25 | AH100: 6.95 | AI100: 6.65 | AJ100: 7.1 | AK100: 5.7 | AL100: 4.5 | AM100: 6 | AN100: 6.1 | AO100: 3.8 | AP100: 3.35 | AQ100: 2.95 | AR100: 6.63 | AS100: 4.92 | AV100: =LEFT(A100,FIND(" ",A100)) -> 4 | AW100: =MATCH(MID(A100,LEN(AV100)+1,3),Sheet4!$A$1:$A$12,0) -> 4
A101: 5 Abr | B101: 20.5 | C101: 21.5 | D101: 25 | E101: 18 | F101: 20 | G101: 20 | H101: 20 | I101: 23.5 | J101: 23 | K101: 24.5 | L101: 33 | M101: 20.5 | N101: 17 | O101: 23 | P101: 33 | Q101: 24.3 | R101: 21.25 | S101: 18.25 | T101: 24.5 | U101: 17.25 | V101: 15 | W101: 17 | X101: 16.75 | Y101: 13.5 | Z101: 15 | AA101: 15.25 | AB101: 7.75 | AC101: 5.25 | AD101: 12 | AE101: 8.5 | AF101: 7.5 | AG101: 9.25 | AH101: 6.95 | AI101: 6.65 | AJ101: 7.1 | AK101: 5.7 | AL101: 4.5 | AM101: 5.9 | AN101: 6.1 | AO101: 3.8 | AP101: 3.35 | AQ101: 2.95 | AR101: 6.63 | AS101: 4.92 | AV101: =LEFT(A101,FIND(" ",A101)) -> 5 | AW101: =MATCH(MID(A101,LEN(AV101)+1,3),Sheet4!$A$1:$A$12,0) -> 4
A102: 6 Abr | B102: 20.5 | C102: 21.5 | D102: 25 | E102: 18 | F102: 20 | G102: 20 | H102: 20 | I102: 23.5 | J102: 23 | K102: 24.5 | L102: 33 | M102: 20.5 | N102: 17 | O102: 23 | P102: 33 | Q102: 24.3 | R102: 21.25 | S102: 18.25 | T102: 24.5 | U102: 17.25 | V102: 15 | W102: 17 | X102: 16.75 | Y102: 13.5 | Z102: 15 | AA102: 15.25 | AB102: 7.75 | AC102: 5.25 | AD102: 12 | AE102: 8.5 | AF102: 7.5 | AG102: 9.25 | AH102: 6.95 | AI102: 6.65 | AJ102: 7.1 | AK102: 5.7 | AL102: 4.45 | AM102: 5.9 | AN102: 6.1 | AO102: 3.8 | AP102: 3.35 | AQ102: 2.95 | AR102: 6.61 | AS102: 4.92 | AV102: =LEFT(A102,FIND(" ",A102)) -> 6 | AW102: =MATCH(MID(A102,LEN(AV102)+1,3),Sheet4!$A$1:$A$12,0) -> 4
... A371: 31 Dic | B371: 21.5 | C371: 25 | D371: 22 | E371: 20 | F371: 20 | G371: 19.5 | H371: 22 | I371: 23.5 | J371: 23.5 | K371: 34 | L371: 30.5 | M371: 19 | N371: 25 | O371: 27.75 | P371: 28.5 | Q371: 24.6 | R371: 18.5 | S371: 24.5 | T371: 18.25 | U371: 15.5 | V371: 16 | W371: 17.5 | X371: 13.75 | Y371: 14.25 | Z371: 15.25 | AA371: 11.25 | AB371: 7 | AC371: 11.5 | AD371: 8.25 | AE371: 8 | AF371: 8 | AG371: 9.2 | AH371: 6.5 | AI371: 7.2 | AJ371: 5.95 | AK371: 4.45 | AL371: 5.95 | AM371: 6 | AN371: 5.75 | AO371: 3.5 | AP371: 2.9 | AQ371: 6.35 | AR371: 5.36 | AS371: 4.13 | AV371: =LEFT(A371,FIND(" ",A371)) -> 31 | AW371: =MATCH(MID(A371,LEN(AV371)+1,3),Sheet4!$A$1:$A$12,0) -> 12

Sheet TPM
A1: Tasa de política monetaria
A2: Para operaciones en moneda nacional del Banco Central de Costa Rica (BCCR)
B5: 2006 | C5: 2007 | D5: 2008 | E5: 2009 | F5: 2010 | G5: 2011 | H5: 2012 | I5: 2013 | J5: 2014 | K5: 2015 | L5: 2016 | M5: 2017 | N5: 2018 | O5: 2019 | P5: 2020 | Q5: 2021 | R5: 2022 | S5: 2023 | T5: 2024 | U5: 2025 | W5: Día | X5: Mes
A6: 1 Ene | E6: 10 | F6: 9 | G6: 6.5 | H6: 5 | I6: 5 | J6: 3.75 | K6: 5.25 | L6: 2.25 | M6: 1.75 | N6: 4.75 | O6: 5.25 | P6: 2.75 | Q6: 0.75 | R6: 1.25 | S6: 9 | T6: 6 | U6: 4 | W6: =LEFT(A6,FIND(" ",A6)) -> 1 | X6: =MATCH(MID(A6,LEN(W6)+1,3),Sheet4!$A$1:$A$12,0) -> 1
A7: 2 Ene | C7: 8.97 | D7: 5.52 | E7: 10 | F7: 9 | G7: 6.5 | H7: 5 | I7: 5 | J7: 3.75 | K7: 5.25 | L7: 2.25 | M7: 1.75 | N7: 4.75 | O7: 5.25 | P7: 2.75 | Q7: 0.75 | R7: 1.25 | S7: 9 | T7: 6 | U7: 4 | W7: =LEFT(A7,FIND(" ",A7)) -> 2 | X7: =MATCH(MID(A7,LEN(W7)+1,3),Sheet4!$A$1:$A$12,0) -> 1
A8: 3 Ene | C8: 8.97 | D8: 5.52 | E8: 10 | F8: 9 | G8: 6.5 | H8: 5 | I8: 5 | J8: 3.75 | K8: 5.25 | L8: 2.25 | M8: 1.75 | N8: 4.75 | O8: 5.25 | P8: 2.75 | Q8: 0.75 | R8: 1.25 | S8: 9 | T8: 6 | U8: 4 | W8: =LEFT(A8,FIND(" ",A8)) -> 3 | X8: =MATCH(MID(A8,LEN(W8)+1,3),Sheet4!$A$1:$A$12,0) -> 1
A9: 4 Ene | C9: 8.97 | D9: 5.52 | E9: 10 | F9: 9 | G9: 6.5 | H9: 5 | I9: 5 | J9: 3.75 | K9: 5.25 | L9: 1.75 | M9: 1.75 | N9: 4.75 | O9: 5.25 | P9: 2.75 | Q9: 0.75 | R9: 1.25 | S9: 9 | T9: 6 | U9: 4 | W9: =LEFT(A9,FIND(" ",A9)) -> 4 | X9: =MATCH(MID(A9,LEN(W9)+1,3),Sheet4!$A$1:$A$12,0) -> 1
A10: 5 Ene | C10: 8.97 | E10: 10 | F10: 9 | G10: 6.5 | H10: 5 | I10: 5 | J10: 3.75 | K10: 5.25 | L10: 1.75 | M10: 1.75 | N10: 4.75 | O10: 5.25 | P10: 2.75 | Q10: 0.75 | R10: 1.25 | S10: 9 | T10: 6 | U10: 4 | W10: =LEFT(A10,FIND(" ",A10)) -> 5 | X10: =MATCH(MID(A10,LEN(W10)+1,3),Sheet4!$A$1:$A$12,0) -> 1
A11: 6 Ene | E11: 10 | F11: 9 | G11: 6.5 | H11: 5 | I11: 5 | J11: 3.75 | K11: 5.25 | L11: 1.75 | M11: 1.75 | N11: 4.75 | O11: 5.25 | P11: 2.75 | Q11: 0.75 | R11: 1.25 | S11: 9 | T11: 6 | U11: 4 | W11: =LEFT(A11,FIND(" ",A11)) -> 6 | X11: =MATCH(MID(A11,LEN(W11)+1,3),Sheet4!$A$1:$A$12,0) -> 1
A12: 7 Ene | D12: 5.52 | E12: 10 | F12: 9 | G12: 6.5 | H12: 5 | I12: 5 | J12: 3.75 | K12: 5.25 | L12: 1.75 | M12: 1.75 | N12: 4.75 | O12: 5.25 | P12: 2.75 | Q12: 0.75 | R12: 1.25 | S12: 9 | T12: 6 | U12: 4 | W12: =LEFT(A12,FIND(" ",A12)) -> 7 | X12: =MATCH(MID(A12,LEN(W12)+1,3),Sheet4!$A$1:$A$12,0) -> 1
A13: 8 Ene | C13: 8.97 | D13: 5.52 | E13: 10 | F13: 9 | G13: 6.5 | H13: 5 | I13: 5 | J13: 3.75 | K13: 5.25 | L13: 1.75 | M13: 1.75 | N13: 4.75 | O13: 5.25 | P13: 2.75 | Q13: 0.75 | R13: 1.25 | S13: 9 | T13: 6 | U13: 4 | W13: =LEFT(A13,FIND(" ",A13)) -> 8 | X13: =MATCH(MID(A13,LEN(W13)+1,3),Sheet4!$A$1:$A$12,0) -> 1
A14: 9 Ene | C14: 8.97 | D14: 5.52 | E14: 10 | F14: 9 | G14: 6.5 | H14: 5 | I14: 5 | J14: 3.75 | K14: 5.25 | L14: 1.75 | M14: 1.75 | N14: 4.75 | O14: 5.25 | P14: 2.75 | Q14: 0.75 | R14: 1.25 | S14: 9 | T14: 6 | U14: 4 | W14: =LEFT(A14,FIND(" ",A14)) -> 9 | X14: =MATCH(MID(A14,LEN(W14)+1,3),Sheet4!$A$1:$A$12,0) -> 1
A15: 10 Ene | C15: 8.97 | D15: 5.52 | E15: 10 | F15: 9 | G15: 6.5 | H15: 5 | I15: 5 | J15: 3.75 | K15: 5.25 | L15: 1.75 | M15: 1.75 | N15: 4.75 | O15: 5.25 | P15: 2.75 | Q15: 0.75 | R15: 1.25 | S15: 9 | T15: 6 | U15: 4 | W15: =LEFT(A15,FIND(" ",A15)) -> 10 | X15: =MATCH(MID(A15,LEN(W15)+1,3),Sheet4!$A$1:$A$12,0) -> 1
A16: 11 Ene | C16: 8.97 | D16: 5.52 | E16: 10 | F16: 9 | G16: 6.5 | H16: 5 | I16: 5 | J16: 3.75 | K16: 5.25 | L16: 1.75 | M16: 1.75 | N16: 4.75 | O16: 5.25 | P16: 2.75 | Q16: 0.75 | R16: 1.25 | S16: 9 | T16: 6 | U16: 4 | W16: =LEFT(A16,FIND(" ",A16)) -> 11 | X16: =MATCH(MID(A16,LEN(W16)+1,3),Sheet4!$A$1:$A$12,0) -> 1
A17: 12 Ene | C17: 8.97 | E17: 10 | F17: 9 | G17: 6.5 | H17: 5 | I17: 5 | J17: 3.75 | K17: 5.25 | L17: 1.75 | M17: 1.75 | N17: 4.75 | O17: 5.25 | P17: 2.75 | Q17: 0.75 | R17: 1.25 | S17: 9 | T17: 6 | U17: 4 | W17: =LEFT(A17,FIND(" ",A17)) -> 12 | X17: =MATCH(MID(A17,LEN(W17)+1,3),Sheet4!$A$1:$A$12,0) -> 1
A18: 13 Ene | E18: 10 | F18: 9 | G18: 6.5 | H18: 5 | I18: 5 | J18: 3.75 | K18: 5.25 | L18: 1.75 | M18: 1.75 | N18: 4.75 | O18: 5.25 | P18: 2.75 | Q18: 0.75 | R18: 1.25 | S18: 9 | T18: 6 | U18: 4 | W18: =LEFT(A18,FIND(" ",A18)) -> 13 | X18: =MATCH(MID(A18,LEN(W18)+1,3),Sheet4!$A$1:$A$12,0) -> 1
A19: 14 Ene | D19: 5.52 | E19: 10 | F19: 9 | G19: 6.5 | H19: 5 | I19: 5 | J19: 3.75 | K19: 5.25 | L19: 1.75 | M19: 1.75 | N19: 4.75 | O19: 5.25 | P19: 2.75 | Q19: 0.75 | R19: 1.25 | S19: 9 | T19: 6 | U19: 4 | W19: =LEFT(A19,FIND(" ",A19)) -> 14 | X19: =MATCH(MID(A19,LEN(W19)+1,3),Sheet4!$A$1:$A$12,0) -> 1
A20: 15 Ene | C20: 8.97 | D20: 5.52 | E20: 10 | F20: 9 | G20: 6.5 | H20: 5 | I20: 5 | J20: 3.75 | K20: 5.25 | L20: 1.75 | M20: 1.75 | N20: 4.75 | O20: 5.25 | P20: 2.75 | Q20: 0.75 | R20: 1.25 | S20: 9 | T20: 6 | U20: 4 | W20: =LEFT(A20,FIND(" ",A20)) -> 15 | X20: =MATCH(MID(A20,LEN(W20)+1,3),Sheet4!$A$1:$A$12,0) -> 1
A21: 16 Ene | C21: 8.97 | D21: 5.52 | E21: 10 | F21: 9 | G21: 6.5 | H21: 5 | I21: 5 | J21: 3.75 | K21: 5.25 | L21: 1.75 | M21: 1.75 | N21: 4.75 | O21: 5.25 | P21: 2.75 | Q21: 0.75 | R21: 1.25 | S21: 9 | T21: 6 | U21: 4 | W21: =LEFT(A21,FIND(" ",A21)) -> 16 | X21: =MATCH(MID(A21,LEN(W21)+1,3),Sheet4!$A$1:$A$12,0) -> 1
A22: 17 Ene | C22: 8.97 | D22: 5.52 | E22: 10 | F22: 9 | G22: 6.5 | H22: 5 | I22: 5 | J22: 3.75 | K22: 5.25 | L22: 1.75 | M22: 1.75 | N22: 4.75 | O22: 5.25 | P22: 2.75 | Q22: 0.75 | R22: 1.25 | S22: 9 | T22: 6 | U22: 4 | W22: =LEFT(A22,FIND(" ",A22)) -> 17 | X22: =MATCH(MID(A22,LEN(W22)+1,3),Sheet4!$A$1:$A$12,0) -> 1
A23: 18 Ene | C23: 8.97 | D23: 5.52 | E23: 10 | F23: 9 | G23: 6.5 | H23: 5 | I23: 5 | J23: 3.75 | K23: 5.25 | L23: 1.75 | M23: 1.75 | N23: 4.75 | O23: 5.25 | P23: 2.75 | Q23: 0.75 | R23: 1.25 | S23: 9 | T23: 6 | U23: 4 | W23: =LEFT(A23,FIND(" ",A23)) -> 18 | X23: =MATCH(MID(A23,LEN(W23)+1,3),Sheet4!$A$1:$A$12,0) -> 1
A24: 19 Ene | C24: 8.97 | E24: 10 | F24: 9 | G24: 6.5 | H24: 5 | I24: 5 | J24: 3.75 | K24: 5.25 | L24: 1.75 | M24: 1.75 | N24: 4.75 | O24: 5.25 | P24: 2.75 | Q24: 0.75 | R24: 1.25 | S24: 9 | T24: 5.75 | U24: 4 | W24: =LEFT(A24,FIND(" ",A24)) -> 19 | X24: =MATCH(MID(A24,LEN(W24)+1,3),Sheet4!$A$1:$A$12,0) -> 1
A25: 20 Ene | E25: 10 | F25: 9 | G25: 6.5 | H25: 5 | I25: 5 | J25: 3.75 | K25: 5.25 | L25: 1.75 | M25: 1.75 | N25: 4.75 | O25: 5.25 | P25: 2.75 | Q25: 0.75 | R25: 1.25 | S25: 9 | T25: 5.75 | U25: 4 | W25: =LEFT(A25,FIND(" ",A25)) -> 20 | X25: =MATCH(MID(A25,LEN(W25)+1,3),Sheet4!$A$1:$A$12,0) -> 1
A26: 21 Ene | D26: 5.52 | E26: 10 | F26: 9 | G26: 6.5 | H26: 5 | I26: 5 | J26: 3.75 | K26: 5.25 | L26: 1.75 | M26: 1.75 | N26: 4.75 | O26: 5.25 | P26: 2.75 | Q26: 0.75 | R26: 1.25 | S26: 9 | T26: 5.75 | U26: 4 | W26: =LEFT(A26,FIND(" ",A26)) -> 21 | X26: =MATCH(MID(A26,LEN(W26)+1,3),Sheet4!$A$1:$A$12,0) -> 1
A27: 22 Ene | C27: 8.97 | D27: 5.52 | E27: 10 | F27: 9 | G27: 6.5 | H27: 5 | I27: 5 | J27: 3.75 | K27: 5.25 | L27: 1.75 | M27: 1.75 | N27: 4.75 | O27: 5.25 | P27: 2.75 | Q27: 0.75 | R27: 1.25 | S27: 9 | T27: 5.75 | U27: 4 | W27: =LEFT(A27,FIND(" ",A27)) -> 22 | X27: =MATCH(MID(A27,LEN(W27)+1,3),Sheet4!$A$1:$A$12,0) -> 1
A28: 23 Ene | C28: 8.97 | D28: 5.52 | E28: 10 | F28: 9 | G28: 6.5 | H28: 5 | I28: 5 | J28: 3.75 | K28: 5.25 | L28: 1.75 | M28: 1.75 | N28: 4.75 | O28: 5.25 | P28: 2.75 | Q28: 0.75 | R28: 1.25 | S28: 9 | T28: 5.75 | U28: 4 | W28: =LEFT(A28,FIND(" ",A28)) -> 23 | X28: =MATCH(MID(A28,LEN(W28)+1,3),Sheet4!$A$1:$A$12,0) -> 1
A29: 24 Ene | C29: 8.97 | D29: 5.52 | E29: 10 | F29: 9 | G29: 6.5 | H29: 5 | I29: 5 | J29: 3.75 | K29: 5.25 | L29: 1.75 | M29: 1.75 | N29: 4.75 | O29: 5.25 | P29: 2.75 | Q29: 0.75 | R29: 1.25 | S29: 9 | T29: 5.75 | U29: 4 | W29: =LEFT(A29,FIND(" ",A29)) -> 24 | X29: =MATCH(MID(A29,LEN(W29)+1,3),Sheet4!$A$1:$A$12,0) -> 1
A30: 25 Ene | C30: 8.97 | D30: 5.52 | E30: 10 | F30: 9 | G30: 6.5 | H30: 5 | I30: 5 | J30: 3.75 | K30: 5.25 | L30: 1.75 | M30: 1.75 | N30: 4.75 | O30: 5.25 | P30: 2.75 | Q30: 0.75 | R30: 1.25 | S30: 9 | T30: 5.75 | U30: 4 | W30: =LEFT(A30,FIND(" ",A30)) -> 25 | X30: =MATCH(MID(A30,LEN(W30)+1,3),Sheet4!$A$1:$A$12,0) -> 1
A31: 26 Ene | C31: 8.97 | E31: 10 | F31: 9 | G31: 6.5 | H31: 5 | I31: 5 | J31: 3.75 | K31: 5.25 | L31: 1.75 | M31: 1.75 | N31: 4.75 | O31: 5.25 | P31: 2.75 | Q31: 0.75 | R31: 1.25 | S31: 9 | T31: 5.75 | U31: 4 | W31: =LEFT(A31,FIND(" ",A31)) -> 26 | X31: =MATCH(MID(A31,LEN(W31)+1,3),Sheet4!$A$1:$A$12,0) -> 1
A32: 27 Ene | E32: 10 | F32: 9 | G32: 6.5 | H32: 5 | I32: 5 | J32: 3.75 | K32: 5.25 | L32: 1.75 | M32: 1.75 | N32: 4.75 | O32: 5.25 | P32: 2.75 | Q32: 0.75 | R32: 1.75 | S32: 9 | T32: 5.75 | U32: 4 | W32: =LEFT(A32,FIND(" ",A32)) -> 27 | X32: =MATCH(MID(A32,LEN(W32)+1,3),Sheet4!$A$1:$A$12,0) -> 1
A33: 28 Ene | D33: 5.52 | E33: 10 | F33: 9 | G33: 6.5 | H33: 5 | I33: 5 | J33: 3.75 | K33: 5.25 | L33: 1.75 | M33: 1.75 | N33: 4.75 | O33: 5.25 | P33: 2.75 | Q33: 0.75 | R33: 1.75 | S33: 9 | T33: 5.75 | U33: 4 | W33: =LEFT(A33,FIND(" ",A33)) -> 28 | X33: =MATCH(MID(A33,LEN(W33)+1,3),Sheet4!$A$1:$A$12,0) -> 1
A34: 29 Ene | C34: 8.97 | D34: 5.52 | E34: 10 | F34: 9 | G34: 6.5 | H34: 5 | I34: 5 | J34: 3.75 | K34: 5.25 | L34: 1.75 | M34: 1.75 | N34: 4.75 | O34: 5.25 | P34: 2.75 | Q34: 0.75 | R34: 1.75 | S34: 9 | T34: 5.75 | U34: 4 | W34: =LEFT(A34,FIND(" ",A34)) -> 29 | X34: =MATCH(MID(A34,LEN(W34)+1,3),Sheet4!$A$1:$A$12,0) -> 1
A35: 30 Ene | C35: 5.98 | D35: 5.52 | E35: 10 | F35: 9 | G35: 6.5 | H35: 5 | I35: 5 | J35: 3.75 | K35: 5.25 | L35: 1.75 | M35: 1.75 | N35: 4.75 | O35: 5.25 | P35: 2.25 | Q35: 0.75 | R35: 1.75 | S35: 9 | T35: 5.75 | W35: =LEFT(A35,FIND(" ",A35)) -> 30 | X35: =MATCH(MID(A35,LEN(W35)+1,3),Sheet4!$A$1:$A$12,0) -> 1
A36: 31 Ene | C36: 5.98 | D36: 5.99 | E36: 10 | F36: 9 | G36: 6.5 | H36: 5 | I36: 5 | J36: 3.75 | K36: 5.25 | L36: 1.75 | M36: 1.75 | N36: 4.75 | O36: 5.25 | P36: 2.25 | Q36: 0.75 | R36: 1.75 | S36: 9 | T36: 5.75 | W36: =LEFT(A36,FIND(" ",A36)) -> 31 | X36: =MATCH(MID(A36,LEN(W36)+1,3),Sheet4!$A$1:$A$12,0) -> 1
A37: 1 Feb | C37: 5.98 | D37: 5.99 | E37: 10 | F37: 9 | G37: 6.5 | H37: 5 | I37: 5 | J37: 3.75 | K37: 5.25 | L37: 1.75 | M37: 1.75 | N37: 5 | O37: 5.25 | P37: 2.25 | Q37: 0.75 | R37: 1.75 | S37: 9 | T37: 5.75 | W37: =LEFT(A37,FIND(" ",A37)) -> 1 | X37: =MATCH(MID(A37,LEN(W37)+1,3),Sheet4!$A$1:$A$12,0) -> 2
A38: 2 Feb | C38: 5.98 | E38: 10 | F38: 9 | G38: 6.5 | H38: 5 | I38: 5 | J38: 3.75 | K38: 4.75 | L38: 1.75 | M38: 1.75 | N38: 5 | O38: 5.25 | P38: 2.25 | Q38: 0.75 | R38: 1.75 | S38: 9 | T38: 5.75 | W38: =LEFT(A38,FIND(" ",A38)) -> 2 | X38: =MATCH(MID(A38,LEN(W38)+1,3),Sheet4!$A$1:$A$12,0) -> 2
A39: 3 Feb | E39: 10 | F39: 9 | G39: 6.5 | H39: 5 | I39: 5 | J39: 3.75 | K39: 4.75 | L39: 1.75 | M39: 1.75 | N39: 5 | O39: 5.25 | P39: 2.25 | Q39: 0.75 | R39: 1.75 | S39: 9 | T39: 5.75 | W39: =LEFT(A39,FIND(" ",A39)) -> 3 | X39: =MATCH(MID(A39,LEN(W39)+1,3),Sheet4!$A$1:$A$12,0) -> 2
A40: 4 Feb | D40: 5.99 | E40: 10 | F40: 9 | G40: 6.5 | H40: 5 | I40: 5 | J40: 3.75 | K40: 4.75 | L40: 1.75 | M40: 1.75 | N40: 5 | O40: 5.25 | P40: 2.25 | Q40: 0.75 | R40: 1.75 | S40: 9 | T40: 5.75 | W40: =LEFT(A40,FIND(" ",A40)) -> 4 | X40: =MATCH(MID(A40,LEN(W40)+1,3),Sheet4!$A$1:$A$12,0) -> 2
A41: 5 Feb | C41: 5.98 | D41: 5.99 | E41: 10 | F41: 9 | G41: 6.5 | H41: 5 | I41: 5 | J41: 3.75 | K41: 4.75 | L41: 1.75 | M41: 1.75 | N41: 5 | O41: 5.25 | P41: 2.25 | Q41: 0.75 | R41: 1.75 | S41: 9 | T41: 5.75 | W41: =LEFT(A41,FIND(" ",A41)) -> 5 | X41: =MATCH(MID(A41,LEN(W41)+1,3),Sheet4!$A$1:$A$12,0) -> 2
A42: 6 Feb | C42: 5.98 | D42: 5.99 | E42: 10 | F42: 9 | G42: 6.5 | H42: 5 | I42: 5 | J42: 3.75 | K42: 4.75 | L42: 1.75 | M42: 1.75 | N42: 5 | O42: 5.25 | P42: 2.25 | Q42: 0.75 | R42: 1.75 | S42: 9 | T42: 5.75 | W42: =LEFT(A42,FIND(" ",A42)) -> 6 | X42: =MATCH(MID(A42,LEN(W42)+1,3),Sheet4!$A$1:$A$12,0) -> 2
A43: 7 Feb | C43: 5.98 | D43: 5.99 | E43: 10 | F43: 9 | G43: 6.5 | H43: 5 | I43: 5 | J43: 3.75 | K43: 4.75 | L43: 1.75 | M43: 1.75 | N43: 5 | O43: 5.25 | P43: 2.25 | Q43: 0.75 | R43: 1.75 | S43: 9 | T43: 5.75 | W43: =LEFT(A43,FIND(" ",A43)) -> 7 | X43: =MATCH(MID(A43,LEN(W43)+1,3),Sheet4!$A$1:$A$12,0) -> 2
A44: 8 Feb | C44: 5.98 | D44: 5.99 | E44: 10 | F44: 9 | G44: 6.5 | H44: 5 | I44: 5 | J44: 3.75 | K44: 4.75 | L44: 1.75 | M44: 1.75 | N44: 5 | O44: 5.25 | P44: 2.25 | Q44: 0.75 | R44: 1.75 | S44: 9 | T44: 5.75 | W44: =LEFT(A44,FIND(" ",A44)) -> 8 | X44: =MATCH(MID(A44,LEN(W44)+1,3),Sheet4!$A$1:$A$12,0) -> 2
A45: 9 Feb | C45: 5.98 | E45: 10 | F45: 9 | G45: 6.5 | H45: 5 | I45: 5 | J45: 3.75 | K45: 4.75 | L45: 1.75 | M45: 1.75 | N45: 5 | O45: 5.25 | P45: 2.25 | Q45: 0.75 | R45: 1.75 | S45: 9 | T45: 5.75 | W45: =LEFT(A45,FIND(" ",A45)) -> 9 | X45: =MATCH(MID(A45,LEN(W45)+1,3),Sheet4!$A$1:$A$12,0) -> 2
A46: 10 Feb | E46: 10 | F46: 9 | G46: 6.5 | H46: 5 | I46: 5 | J46: 3.75 | K46: 4.75 | L46: 1.75 | M46: 1.75 | N46: 5 | O46: 5.25 | P46: 2.25 | Q46: 0.75 | R46: 1.75 | S46: 9 | T46: 5.75 | W46: =LEFT(A46,FIND(" ",A46)) -> 10 | X46: =MATCH(MID(A46,LEN(W46)+1,3),Sheet4!$A$1:$A$12,0) -> 2
A47: 11 Feb | D47: 5.99 | E47: 10 | F47: 9 | G47: 6.5 | H47: 5 | I47: 5 | J47: 3.75 | K47: 4.75 | L47: 1.75 | M47: 1.75 | N47: 5 | O47: 5.25 | P47: 2.25 | Q47: 0.75 | R47: 1.75 | S47: 9 | T47: 5.75 | W47: =LEFT(A47,FIND(" ",A47)) -> 11 | X47: =MATCH(MID(A47,LEN(W47)+1,3),Sheet4!$A$1:$A$12,0) -> 2
A48: 12 Feb | C48: 5.98 | D48: 5.99 | E48: 10 | F48: 9 | G48: 6.5 | H48: 5 | I48: 5 | J48: 3.75 | K48: 4.75 | L48: 1.75 | M48: 1.75 | N48: 5 | O48: 5.25 | P48: 2.25 | Q48: 0.75 | R48: 1.75 | S48: 9 | T48: 5.75 | W48: =LEFT(A48,FIND(" ",A48)) -> 12 | X48: =MATCH(MID(A48,LEN(W48)+1,3),Sheet4!$A$1:$A$12,0) -> 2
A49: 13 Feb | C49: 5.98 | D49: 5.99 | E49: 10 | F49: 9 | G49: 6.5 | H49: 5 | I49: 5 | J49: 3.75 | K49: 4.75 | L49: 1.75 | M49: 1.75 | N49: 5 | O49: 5.25 | P49: 2.25 | Q49: 0.75 | R49: 1.75 | S49: 9 | T49: 5.75 | W49: =LEFT(A49,FIND(" ",A49)) -> 13 | X49: =MATCH(MID(A49,LEN(W49)+1,3),Sheet4!$A$1:$A$12,0) -> 2
A50: 14 Feb | C50: 5.98 | D50: 5.99 | E50: 10 | F50: 9 | G50: 6.5 | H50: 5 | I50: 5 | J50: 3.75 | K50: 4.75 | L50: 1.75 | M50: 1.75 | N50: 5 | O50: 5.25 | P50: 2.25 | Q50: 0.75 | R50: 1.75 | S50: 9 | T50: 5.75 | W50: =LEFT(A50,FIND(" ",A50)) -> 14 | X50: =MATCH(MID(A50,LEN(W50)+1,3),Sheet4!$A$1:$A$12,0) -> 2
A51: 15 Feb | C51: 5.98 | D51: 5.99 | E51: 10 | F51: 9 | G51: 6.5 | H51: 5 | I51: 5 | J51: 3.75 | K51: 4.75 | L51: 1.75 | M51: 1.75 | N51: 5 | O51: 5.25 | P51: 2.25 | Q51: 0.75 | R51: 1.75 | S51: 9 | T51: 5.75 | W51: =LEFT(A51,FIND(" ",A51)) -> 15 | X51: =MATCH(MID(A51,LEN(W51)+1,3),Sheet4!$A$1:$A$12,0) -> 2
A52: 16 Feb | C52: 5.98 | E52: 10 | F52: 9 | G52: 6.5 | H52: 5 | I52: 5 | J52: 3.75 | K52: 4.75 | L52: 1.75 | M52: 1.75 | N52: 5 | O52: 5.25 | P52: 2.25 | Q52: 0.75 | R52: 1.75 | S52: 9 | T52: 5.75 | W52: =LEFT(A52,FIND(" ",A52)) -> 16 | X52: =MATCH(MID(A52,LEN(W52)+1,3),Sheet4!$A$1:$A$12,0) -> 2
A53: 17 Feb | E53: 10 | F53: 9 | G53: 6.5 | H53: 5 | I53: 5 | J53: 3.75 | K53: 4.75 | L53: 1.75 | M53: 1.75 | N53: 5 | O53: 5.25 | P53: 2.25 | Q53: 0.75 | R53: 1.75 | S53: 9 | T53: 5.75 | W53: =LEFT(A53,FIND(" ",A53)) -> 17 | X53: =MATCH(MID(A53,LEN(W53)+1,3),Sheet4!$A$1:$A$12,0) -> 2
A54: 18 Feb | D54: 5.99 | E54: 10 | F54: 9 | G54: 6.5 | H54: 5 | I54: 5 | J54: 3.75 | K54: 4.75 | L54: 1.75 | M54: 1.75 | N54: 5 | O54: 5.25 | P54: 2.25 | Q54: 0.75 | R54: 1.75 | S54: 9 | T54: 5.75 | W54: =LEFT(A54,FIND(" ",A54)) -> 18 | X54: =MATCH(MID(A54,LEN(W54)+1,3),Sheet4!$A$1:$A$12,0) -> 2
A55: 19 Feb | C55: 5.98 | D55: 5.99 | E55: 10 | F55: 9 | G55: 6.5 | H55: 5 | I55: 5 | J55: 3.75 | K55: 4.75 | L55: 1.75 | M55: 1.75 | N55: 5 | O55: 5.25 | P55: 2.25 | Q55: 0.75 | R55: 1.75 | S55: 9 | T55: 5.75 | W55: =LEFT(A55,FIND(" ",A55)) -> 19 | X55: =MATCH(MID(A55,LEN(W55)+1,3),Sheet4!$A$1:$A$12,0) -> 2
A56: 20 Feb | C56: 5.98 | D56: 5.99 | E56: 10 | F56: 9 | G56: 6.5 | H56: 5 | I56: 5 | J56: 3.75 | K56: 4.75 | L56: 1.75 | M56: 1.75 | N56: 5 | O56: 5.25 | P56: 2.25 | Q56: 0.75 | R56: 1.75 | S56: 9 | T56: 5.75 | W56: =LEFT(A56,FIND(" ",A56)) -> 20 | X56: =MATCH(MID(A56,LEN(W56)+1,3),Sheet4!$A$1:$A$12,0) -> 2
A57: 21 Feb | C57: 5.98 | D57: 5.99 | E57: 10 | F57: 9 | G57: 6.5 | H57: 5 | I57: 5 | J57: 3.75 | K57: 4.75 | L57: 1.75 | M57: 1.75 | N57: 5 | O57: 5.25 | P57: 2.25 | Q57: 0.75 | R57: 1.75 | S57: 9 | T57: 5.75 | W57: =LEFT(A57,FIND(" ",A57)) -> 21 | X57: =MATCH(MID(A57,LEN(W57)+1,3),Sheet4!$A$1:$A$12,0) -> 2
A58: 22 Feb | C58: 5.98 | D58: 5.99 | E58: 10 | F58: 9 | G58: 6.5 | H58: 5 | I58: 5 | J58: 3.75 | K58: 4.75 | L58: 1.75 | M58: 1.75 | N58: 5 | O58: 5.25 | P58: 2.25 | Q58: 0.75 | R58: 1.75 | S58: 9 | T58: 5.75 | W58: =LEFT(A58,FIND(" ",A58)) -> 22 | X58: =MATCH(MID(A58,LEN(W58)+1,3),Sheet4!$A$1:$A$12,0) -> 2
A59: 23 Feb | C59: 5.98 | E59: 10 | F59: 9 | G59: 6.5 | H59: 5 | I59: 5 | J59: 3.75 | K59: 4.75 | L59: 1.75 | M59: 1.75 | N59: 5 | O59: 5.25 | P59: 2.25 | Q59: 0.75 | R59: 1.75 | S59: 9 | T59: 5.75 | W59: =LEFT(A59,FIND(" ",A59)) -> 23 | X59: =MATCH(MID(A59,LEN(W59)+1,3),Sheet4!$A$1:$A$12,0) -> 2
A60: 24 Feb | E60: 10 | F60: 9 | G60: 6.5 | H60: 5 | I60: 5 | J60: 3.75 | K60: 4.75 | L60: 1.75 | M60: 1.75 | N60: 5 | O60: 5.25 | P60: 2.25 | Q60: 0.75 | R60: 1.75 | S60: 9 | T60: 5.75 | W60: =LEFT(A60,FIND(" ",A60)) -> 24 | X60: =MATCH(MID(A60,LEN(W60)+1,3),Sheet4!$A$1:$A$12,0) -> 2
A61: 25 Feb | D61: 5.99 | E61: 10 | F61: 9 | G61: 6.5 | H61: 5 | I61: 5 | J61: 3.75 | K61: 4.75 | L61: 1.75 | M61: 1.75 | N61: 5 | O61: 5.25 | P61: 2.25 | Q61: 0.75 | R61: 1.75 | S61: 9 | T61: 5.75 | W61: =LEFT(A61,FIND(" ",A61)) -> 25 | X61: =MATCH(MID(A61,LEN(W61)+1,3),Sheet4!$A$1:$A$12,0) -> 2
A62: 26 Feb | C62: 5.98 | D62: 5.99 | E62: 10 | F62: 9 | G62: 6.5 | H62: 5 | I62: 5 | J62: 3.75 | K62: 4.75 | L62: 1.75 | M62: 1.75 | N62: 5 | O62: 5.25 | P62: 2.25 | Q62: 0.75 | R62: 1.75 | S62: 9 | T62: 5.75 | W62: =LEFT(A62,FIND(" ",A62)) -> 26 | X62: =MATCH(MID(A62,LEN(W62)+1,3),Sheet4!$A$1:$A$12,0) -> 2
A63: 27 Feb | C63: 5.98 | D63: 5.99 | E63: 10 | F63: 9 | G63: 6.5 | H63: 5 | I63: 5 | J63: 3.75 | K63: 4.75 | L63: 1.75 | M63: 1.75 | N63: 5 | O63: 5.25 | P63: 2.25 | Q63: 0.75 | R63: 1.75 | S63: 9 | T63: 5.75 | W63: =LEFT(A63,FIND(" ",A63)) -> 27 | X63: =MATCH(MID(A63,LEN(W63)+1,3),Sheet4!$A$1:$A$12,0) -> 2
A64: 28 Feb | C64: 5.98 | D64: 5.99 | E64: 10 | F64: 9 | G64: 6.5 | H64: 5 | I64: 5 | J64: 3.75 | K64: 4.75 | L64: 1.75 | M64: 1.75 | N64: 5 | O64: 5.25 | P64: 2.25 | Q64: 0.75 | R64: 1.75 | S64: 9 | T64: 5.75 | W64: =LEFT(A64,FIND(" ",A64)) -> 28 | X64: =MATCH(MID(A64,LEN(W64)+1,3),Sheet4!$A$1:$A$12,0) -> 2
A65: 29 Feb | D65: 5.99 | H65: 5 | L65: 1.75 | P65: 2.25 | T65: 5.75 | W65: =LEFT(A65,FIND(" ",A65)) -> 29 | X65: =MATCH(MID(A65,LEN(W65)+1,3),Sheet4!$A$1:$A$12,0) -> 2
A66: 1 Mar | C66: 5.98 | E66: 10 | F66: 9 | G66: 6.5 | H66: 5 | I66: 5 | J66: 3.75 | K66: 4.75 | L66: 1.75 | M66: 1.75 | N66: 5 | O66: 5.25 | P66: 2.25 | Q66: 0.75 | R66: 1.75 | S66: 9 | T66: 5.75 | W66: =LEFT(A66,FIND(" ",A66)) -> 1 | X66: =MATCH(MID(A66,LEN(W66)+1,3),Sheet4!$A$1:$A$12,0) -> 3
A67: 2 Mar | C67: 5.98 | E67: 10 | F67: 9 | G67: 6.5 | H67: 5 | I67: 5 | J67: 3.75 | K67: 4.75 | L67: 1.75 | M67: 1.75 | N67: 5 | O67: 5.25 | P67: 2.25 | Q67: 0.75 | R67: 1.75 | S67: 9 | T67: 5.75 | W67: =LEFT(A67,FIND(" ",A67)) -> 2 | X67: =MATCH(MID(A67,LEN(W67)+1,3),Sheet4!$A$1:$A$12,0) -> 3
A68: 3 Mar | D68: 5.99 | E68: 10 | F68: 9 | G68: 6.5 | H68: 5 | I68: 5 | J68: 3.75 | K68: 4.75 | L68: 1.75 | M68: 1.75 | N68: 5 | O68: 5.25 | P68: 2.25 | Q68: 0.75 | R68: 1.75 | S68: 9 | T68: 5.75 | W68: =LEFT(A68,FIND(" ",A68)) -> 3 | X68: =MATCH(MID(A68,LEN(W68)+1,3),Sheet4!$A$1:$A$12,0) -> 3
A69: 4 Mar | D69: 5.99 | E69: 10 | F69: 9 | G69: 6.5 | H69: 5 | I69: 5 | J69: 3.75 | K69: 4.75 | L69: 1.75 | M69: 1.75 | N69: 5 | O69: 5.25 | P69: 2.25 | Q69: 0.75 | R69: 1.75 | S69: 9 | T69: 5.75 | W69: =LEFT(A69,FIND(" ",A69)) -> 4 | X69: =MATCH(MID(A69,LEN(W69)+1,3),Sheet4!$A$1:$A$12,0) -> 3
A70: 5 Mar | C70: 5.98 | D70: 5.99 | E70: 10 | F70: 9 | G70: 6.5 | H70: 5 | I70: 5 | J70: 3.75 | K70: 4.75 | L70: 1.75 | M70: 1.75 | N70: 5 | O70: 5.25 | P70: 2.25 | Q70: 0.75 | R70: 1.75 | S70: 9 | T70: 5.75 | W70: =LEFT(A70,FIND(" ",A70)) -> 5 | X70: =MATCH(MID(A70,LEN(W70)+1,3),Sheet4!$A$1:$A$12,0) -> 3
A71: 6 Mar | C71: 5.98 | D71: 5.99 | E71: 10 | F71: 9 | G71: 6.5 | H71: 5 | I71: 5 | J71: 3.75 | K71: 4.75 | L71: 1.75 | M71: 1.75 | N71: 5 | O71: 5.25 | P71: 2.25 | Q71: 0.75 | R71: 1.75 | S71: 9 | T71: 5.75 | W71: =LEFT(A71,FIND(" ",A71)) -> 6 | X71: =MATCH(MID(A71,LEN(W71)+1,3),Sheet4!$A$1:$A$12,0) -> 3
A72: 7 Mar | C72: 5.98 | D72: 5.99 | E72: 10 | F72: 9 | G72: 6.5 | H72: 5 | I72: 5 | J72: 3.75 | K72: 4.75 | L72: 1.75 | M72: 1.75 | N72: 5 | O72: 5.25 | P72: 2.25 | Q72: 0.75 | R72: 1.75 | S72: 9 | T72: 5.75 | W72: =LEFT(A72,FIND(" ",A72)) -> 7 | X72: =MATCH(MID(A72,LEN(W72)+1,3),Sheet4!$A$1:$A$12,0) -> 3
A73: 8 Mar | C73: 5.98 | E73: 10 | F73: 9 | G73: 6.5 | H73: 5 | I73: 5 | J73: 3.75 | K73: 4.75 | L73: 1.75 | M73: 1.75 | N73: 5 | O73: 5.25 | P73: 2.25 | Q73: 0.75 | R73: 1.75 | S73: 9 | T73: 5.75 | W73: =LEFT(A73,FIND(" ",A73)) -> 8 | X73: =MATCH(MID(A73,LEN(W73)+1,3),Sheet4!$A$1:$A$12,0) -> 3
A74: 9 Mar | C74: 5.98 | E74: 10 | F74: 9 | G74: 6.5 | H74: 5 | I74: 5 | J74: 3.75 | K74: 4.75 | L74: 1.75 | M74: 1.75 | N74: 5 | O74: 5.25 | P74: 2.25 | Q74: 0.75 | R74: 1.75 | S74: 9 | T74: 5.75 | W74: =LEFT(A74,FIND(" ",A74)) -> 9 | X74: =MATCH(MID(A74,LEN(W74)+1,3),Sheet4!$A$1:$A$12,0) -> 3
A75: 10 Mar | D75: 5.99 | E75: 10 | F75: 9 | G75: 6.5 | H75: 5 | I75: 5 | J75: 3.75 | K75: 4.75 | L75: 1.75 | M75: 1.75 | N75: 5 | O75: 5.25 | P75: 2.25 | Q75: 0.75 | R75: 1.75 | S75: 9 | T75: 5.75 | W75: =LEFT(A75,FIND(" ",A75)) -> 10 | X75: =MATCH(MID(A75,LEN(W75)+1,3),Sheet4!$A$1:$A$12,0) -> 3
A76: 11 Mar | D76: 5.99 | E76: 10 | F76: 9 | G76: 6.5 | H76: 5 | I76: 5 | J76: 3.75 | K76: 4.75 | L76: 1.75 | M76: 1.75 | N76: 5 | O76: 5.25 | P76: 2.25 | Q76: 0.75 | R76: 1.75 | S76: 9 | T76: 5.75 | W76: =LEFT(A76,FIND(" ",A76)) -> 11 | X76: =MATCH(MID(A76,LEN(W76)+1,3),Sheet4!$A$1:$A$12,0) -> 3
A77: 12 Mar | C77: 5.98 | D77: 5.99 | E77: 10 | F77: 9 | G77: 6.5 | H77: 5 | I77: 5 | J77: 3.75 | K77: 4.75 | L77: 1.75 | M77: 1.75 | N77: 5 | O77: 5.25 | P77: 2.25 | Q77: 0.75 | R77: 1.75 | S77: 9 | T77: 5.75 | W77: =LEFT(A77,FIND(" ",A77)) -> 12 | X77: =MATCH(MID(A77,LEN(W77)+1,3),Sheet4!$A$1:$A$12,0) -> 3
A78: 13 Mar | C78: 5.98 | D78: 5.99 | E78: 10 | F78: 9 | G78: 6.5 | H78: 5 | I78: 5 | J78: 4.75 | K78: 4.75 | L78: 1.75 | M78: 1.75 | N78: 5 | O78: 5.25 | P78: 2.25 | Q78: 0.75 | R78: 1.75 | S78: 9 | T78: 5.75 | W78: =LEFT(A78,FIND(" ",A78)) -> 13 | X78: =MATCH(MID(A78,LEN(W78)+1,3),Sheet4!$A$1:$A$12,0) -> 3
A79: 14 Mar | C79: 5.98 | D79: 5.99 | E79: 10 | F79: 9 | G79: 6.5 | H79: 5 | I79: 5 | J79: 4.75 | K79: 4.75 | L79: 1.75 | M79: 1.75 | N79: 5 | O79: 5.25 | P79: 2.25 | Q79: 0.75 | R79: 1.75 | S79: 9 | T79: 5.75 | W79: =LEFT(A79,FIND(" ",A79)) -> 14 | X79: =MATCH(MID(A79,LEN(W79)+1,3),Sheet4!$A$1:$A$12,0) -> 3
A80: 15 Mar | C80: 5.98 | E80: 10 | F80: 9 | G80: 6.5 | H80: 5 | I80: 5 | J80: 4.75 | K80: 4.75 | L80: 1.75 | M80: 1.75 | N80: 5 | O80: 5.25 | P80: 2.25 | Q80: 0.75 | R80: 2.5 | S80: 9 | T80: 5.75 | W80: =LEFT(A80,FIND(" ",A80)) -> 15 | X80: =MATCH(MID(A80,LEN(W80)+1,3),Sheet4!$A$1:$A$12,0) -> 3
A81: 16 Mar | B81: 8.51 | C81: 5.98 | E81: 10 | F81: 9 | G81: 6.5 | H81: 5 | I81: 5 | J81: 4.75 | K81: 4.75 | L81: 1.75 | M81: 1.75 | N81: 5 | O81: 5.25 | P81: 2.25 | Q81: 0.75 | R81: 2.5 | S81: 8.5 | T81: 5.75 | W81: =LEFT(A81,FIND(" ",A81)) -> 16 | X81: =MATCH(MID(A81,LEN(W81)+1,3),Sheet4!$A$1:$A$12,0) -> 3
A82: 17 Mar | B82: 8.51 | D82: 5.99 | E82: 10 | F82: 9 | G82: 6.5 | H82: 5 | I82: 5 | J82: 4.75 | K82: 4.75 | L82: 1.75 | M82: 1.75 | N82: 5 | O82: 5.25 | P82: 1.25 | Q82: 0.75 | R82: 2.5 | S82: 8.5 | T82: 5.75 | W82: =LEFT(A82,FIND(" ",A82)) -> 17 | X82: =MATCH(MID(A82,LEN(W82)+1,3),Sheet4!$A$1:$A$12,0) -> 3
A83: 18 Mar | D83: 5.99 | E83: 10 | F83: 9 | G83: 6.5 | H83: 5 | I83: 5 | J83: 4.75 | K83: 4.75 | L83: 1.75 | M83: 1.75 | N83: 5 | O83: 5.25 | P83: 1.25 | Q83: 0.75 | R83: 2.5 | S83: 8.5 | T83: 5.75 | W83: =LEFT(A83,FIND(" ",A83)) -> 18 | X83: =MATCH(MID(A83,LEN(W83)+1,3),Sheet4!$A$1:$A$12,0) -> 3
A84: 19 Mar | C84: 5.98 | D84: 5.99 | E84: 10 | F84: 9 | G84: 6.5 | H84: 5 | I84: 5 | J84: 4.75 | K84: 4.5 | L84: 1.75 | M84: 1.75 | N84: 5 | O84: 5.25 | P84: 1.25 | Q84: 0.75 | R84: 2.5 | S84: 8.5 | T84: 5.75 | W84: =LEFT(A84,FIND(" ",A84)) -> 19 | X84: =MATCH(MID(A84,LEN(W84)+1,3),Sheet4!$A$1:$A$12,0) -> 3
A85: 20 Mar | B85: 8.51 | C85: 5.98 | E85: 10 | F85: 9 | G85: 6.5 | H85: 5 | I85: 5 | J85: 4.75 | K85: 4.5 | L85: 1.75 | M85: 1.75 | N85: 5 | O85: 5.25 | P85: 1.25 | Q85: 0.75 | R85: 2.5 | S85: 8.5 | T85: 5.75 | W85: =LEFT(A85,FIND(" ",A85)) -> 20 | X85: =MATCH(MID(A85,LEN(W85)+1,3),Sheet4!$A$1:$A$12,0) -> 3
A86: 21 Mar | B86: 8.51 | C86: 5.98 | E86: 10 | F86: 9 | G86: 6.5 | H86: 5 | I86: 5 | J86: 4.75 | K86: 4.5 | L86: 1.75 | M86: 1.75 | N86: 5 | O86: 5.25 | P86: 1.25 | Q86: 0.75 | R86: 2.5 | S86: 8.5 | T86: 5.75 | W86: =LEFT(A86,FIND(" ",A86)) -> 21 | X86: =MATCH(MID(A86,LEN(W86)+1,3),Sheet4!$A$1:$A$12,0) -> 3
A87: 22 Mar | B87: 8.51 | C87: 5.98 | E87: 10 | F87: 9 | G87: 6.5 | H87: 5 | I87: 5 | J87: 4.75 | K87: 4.5 | L87: 1.75 | M87: 1.75 | N87: 5 | O87: 5.25 | P87: 1.25 | Q87: 0.75 | R87: 2.5 | S87: 8.5 | T87: 5.25 | W87: =LEFT(A87,FIND(" ",A87)) -> 22 | X87: =MATCH(MID(A87,LEN(W87)+1,3),Sheet4!$A$1:$A$12,0) -> 3
A88: 23 Mar | B88: 8.51 | C88: 5.98 | E88: 10 | F88: 9 | G88: 6.5 | H88: 5 | I88: 5 | J88: 4.75 | K88: 4.5 | L88: 1.75 | M88: 1.75 | N88: 5 | O88: 5.25 | P88: 1.25 | Q88: 0.75 | R88: 2.5 | S88: 8.5 | T88: 5.25 | W88: =LEFT(A88,FIND(" ",A88)) -> 23 | X88: =MATCH(MID(A88,LEN(W88)+1,3),Sheet4!$A$1:$A$12,0) -> 3
A89: 24 Mar | B89: 8.51 | D89: 5.99 | E89: 10 | F89: 9 | G89: 6.5 | H89: 5 | I89: 5 | J89: 4.75 | K89: 4.5 | L89: 1.75 | M89: 1.75 | N89: 5 | O89: 5.25 | P89: 1.25 | Q89: 0.75 | R89: 2.5 | S89: 8.5 | T89: 5.25 | W89: =LEFT(A89,FIND(" ",A89)) -> 24 | X89: =MATCH(MID(A89,LEN(W89)+1,3),Sheet4!$A$1:$A$12,0) -> 3
A90: 25 Mar | D90: 5.99 | E90: 10 | F90: 9 | G90: 6.5 | H90: 5 | I90: 5 | J90: 4.75 | K90: 4.5 | L90: 1.75 | M90: 1.75 | N90: 5 | O90: 5.25 | P90: 1.25 | Q90: 0.75 | R90: 2.5 | S90: 8.5 | T90: 5.25 | W90: =LEFT(A90,FIND(" ",A90)) -> 25 | X90: =MATCH(MID(A90,LEN(W90)+1,3),Sheet4!$A$1:$A$12,0) -> 3
A91: 26 Mar | C91: 5.98 | D91: 5.99 | E91: 10 | F91: 9 | G91: 6.5 | H91: 5 | I91: 5 | J91: 4.75 | K91: 4.5 | L91: 1.75 | M91: 1.75 | N91: 5 | O91: 5.25 | P91: 1.25 | Q91: 0.75 | R91: 2.5 | S91: 8.5 | T91: 5.25 | W91: =LEFT(A91,FIND(" ",A91)) -> 26 | X91: =MATCH(MID(A91,LEN(W91)+1,3),Sheet4!$A$1:$A$12,0) -> 3
A92: 27 Mar | B92: 8.51 | C92: 5.98 | D92: 5.99 | E92: 10 | F92: 9 | G92: 6.5 | H92: 5 | I92: 5 | J92: 4.75 | K92: 4.5 | L92: 1.75 | M92: 1.75 | N92: 5 | O92: 5.25 | P92: 1.25 | Q92: 0.75 | R92: 2.5 | S92: 8.5 | T92: 5.25 | W92: =LEFT(A92,FIND(" ",A92)) -> 27 | X92: =MATCH(MID(A92,LEN(W92)+1,3),Sheet4!$A$1:$A$12,0) -> 3
A93: 28 Mar | B93: 8.51 | C93: 5.98 | D93: 5.99 | E93: 10 | F93: 9 | G93: 6.5 | H93: 5 | I93: 5 | J93: 4.75 | K93: 4.5 | L93: 1.75 | M93: 1.75 | N93: 5 | O93: 5 | P93: 1.25 | Q93: 0.75 | R93: 2.5 | S93: 8.5 | T93: 5.25 | W93: =LEFT(A93,FIND(" ",A93)) -> 28 | X93: =MATCH(MID(A93,LEN(W93)+1,3),Sheet4!$A$1:$A$12,0) -> 3
A94: 29 Mar | B94: 8.51 | C94: 5.98 | E94: 10 | F94: 9 | G94: 6.5 | H94: 5 | I94: 5 | J94: 4.75 | K94: 4.5 | L94: 1.75 | M94: 1.75 | N94: 5 | O94: 5 | P94: 1.25 | Q94: 0.75 | R94: 2.5 | S94: 8.5 | T94: 5.25 | W94: =LEFT(A94,FIND(" ",A94)) -> 29 | X94: =MATCH(MID(A94,LEN(W94)+1,3),Sheet4!$A$1:$A$12,0) -> 3
A95: 30 Mar | B95: 8.51 | C95: 5.98 | E95: 10 | F95: 9 | G95: 6.5 | H95: 5 | I95: 5 | J95: 4.75 | K95: 4.5 | L95: 1.75 | M95: 1.75 | N95: 5 | O95: 5 | P95: 1.25 | Q95: 0.75 | R95: 2.5 | S95: 8.5 | T95: 5.25 | W95: =LEFT(A95,FIND(" ",A95)) -> 30 | X95: =MATCH(MID(A95,LEN(W95)+1,3),Sheet4!$A$1:$A$12,0) -> 3
A96: 31 Mar | B96: 8.51 | D96: 5.99 | E96: 10 | F96: 9 | G96: 6.5 | H96: 5 | I96: 5 | J96: 4.75 | K96: 4.5 | L96: 1.75 | M96: 1.75 | N96: 5 | O96: 5 | P96: 1.25 | Q96: 0.75 | R96: 2.5 | S96: 8.5 | T96: 5.25 | W96: =LEFT(A96,FIND(" ",A96)) -> 31 | X96: =MATCH(MID(A96,LEN(W96)+1,3),Sheet4!$A$1:$A$12,0) -> 3
A97: 1 Abr | D97: 5.99 | E97: 10 | F97: 9 | G97: 6.5 | H97: 5 | I97: 5 | J97: 4.75 | K97: 4.5 | L97: 1.75 | M97: 1.75 | N97: 5 | O97: 5 | P97: 1.25 | Q97: 0.75 | R97: 2.5 | S97: 8.5 | T97: 5.25 | W97: =LEFT(A97,FIND(" ",A97)) -> 1 | X97: =MATCH(MID(A97,LEN(W97)+1,3),Sheet4!$A$1:$A$12,0) -> 4
A98: 2 Abr | C98: 5.98 | D98: 5.99 | E98: 10 | F98: 9 | G98: 6.5 | H98: 5 | I98: 5 | J98: 4.75 | K98: 4.5 | L98: 1.75 | M98: 1.75 | N98: 5 | O98: 5 | P98: 1.25 | Q98: 0.75 | R98: 2.5 | S98: 8.5 | T98: 5.25 | W98: =LEFT(A98,FIND(" ",A98)) -> 2 | X98: =MATCH(MID(A98,LEN(W98)+1,3),Sheet4!$A$1:$A$12,0) -> 4
A99: 3 Abr | B99: 8.51 | C99: 5.98 | D99: 5.99 | E99: 10 | F99: 9 | G99: 6.5 | H99: 5 | I99: 5 | J99: 4.75 | K99: 4.5 | L99: 1.75 | M99: 1.75 | N99: 5 | O99: 5 | P99: 1.25 | Q99: 0.75 | R99: 2.5 | S99: 8.5 | T99: 5.25 | W99: =LEFT(A99,FIND(" ",A99)) -> 3 | X99: =MATCH(MID(A99,LEN(W99)+1,3),Sheet4!$A$1:$A$12,0) -> 4
A100: 4 Abr | B100: 8.51 | C100: 5.98 | D100: 5.99 | E100: 10 | F100: 9 | G100: 6.5 | H100: 5 | I100: 5 | J100: 4.75 | K100: 4.5 | L100: 1.75 | M100: 1.75 | N100: 5 | O100: 5 | P100: 1.25 | Q100: 0.75 | R100: 2.5 | S100: 8.5 | T100: 5.25 | W100: =LEFT(A100,FIND(" ",A100)) -> 4 | X100: =MATCH(MID(A100,LEN(W100)+1,3),Sheet4!$A$1:$A$12,0) -> 4
A101: 5 Abr | B101: 8.51 | E101: 10 | F101: 9 | G101: 6.5 | H101: 5 | I101: 5 | J101: 4.75 | K101: 4.5 | L101: 1.75 | M101: 1.75 | N101: 5 | O101: 5 | P101: 1.25 | Q101: 0.75 | R101: 2.5 | S101: 8.5 | T101: 5.25 | W101: =LEFT(A101,FIND(" ",A101)) -> 5 | X101: =MATCH(MID(A101,LEN(W101)+1,3),Sheet4!$A$1:$A$12,0) -> 4
A102: 6 Abr | B102: 8.51 | E102: 10 | F102: 9 | G102: 6.5 | H102: 5 | I102: 5 | J102: 4.75 | K102: 4.5 | L102: 1.75 | M102: 2.25 | N102: 5 | O102: 5 | P102: 1.25 | Q102: 0.75 | R102: 2.5 | S102: 8.5 | T102: 5.25 | W102: =LEFT(A102,FIND(" ",A102)) -> 6 | X102: =MATCH(MID(A102,LEN(W102)+1,3),Sheet4!$A$1:$A$12,0) -> 4
...

Sheet TC
A1: Tipo cambio de compra y de venta del dólar de los Estados Unidos de América
A2: Referencia del Banco Central de Costa Rica
A3: En colones costarricenses
B5: TIPO CAMBIO COMPRA | C5: TIPO DE CAMBIO VENTA
A6: 1 Ene 1983 | B6: 44.95 | C6: 45.45 | E6: 30317
A7: 2 Ene 1983 | B7: 44.95 | C7: 45.45 | E7: =+E6+1 -> 30318
A8: 3 Ene 1983 | B8: 44.95 | C8: 45.45 | E8: =+E7+1 -> 30319
A9: 4 Ene 1983 | B9: 44.95 | C9: 45.45 | E9: =+E8+1 -> 30320
A10: 5 Ene 1983 | B10: 44.95 | C10: 45.45 | E10: =+E9+1 -> 30321
A11: 6 Ene 1983 | B11: 44.95 | C11: 45.45 | E11: =+E10+1 -> 30322
A12: 7 Ene 1983 | B12: 44.95 | C12: 45.45 | E12: =+E11+1 -> 30323
A13: 8 Ene 1983 | B13: 44.95 | C13: 45.45 | E13: =+E12+1 -> 30324
A14: 9 Ene 1983 | B14: 44.95 | C14: 45.45 | E14: =+E13+1 -> 30325
A15: 10 Ene 1983 | B15: 44.95 | C15: 45.45 | E15: =+E14+1 -> 30326
A16: 11 Ene 1983 | B16: 44.9 | C16: 45.4 | E16: =+E15+1 -> 30327
A17: 12 Ene 1983 | B17: 44.9 | C17: 45.4 | E17: =+E16+1 -> 30328
A18: 13 Ene 1983 | B18: 44.9 | C18: 45.4 | E18: =+E17+1 -> 30329
... A15396: 19 Feb 2025 | B15396: 503.24 | C15396: 508.54 | E15396: =+E15395+1 -> 45707

Sheet Sheet4
A1: Ene
A2: Feb
A3: Mar
A4: Abr
A5: May
A6: Jun
A7: Jul
A8: Ago
A9: Set
A10: Oct
A11: Nov
A12: Dic
